Hasta_ID,Olcum_Zamani,Yas,Cinsiyet,BMI,Sistolik_KB,Diyastolik_KB,Kalp_Hizi,EKG_Ritim,SF_MPQ_Skoru,Yuz_FACS_Agri_Skoru,Duygu_Durumu_EMA,NRS_Skoru,Agri_Sinifi,Nabiz_Basinci,Stres_Indeksi_RPP,Olcum_Saati,Gunun_Saati_Numerik
H001,0_Gun_Kabul,61,E,24.9,128,88,83,0,20,0.53,Yorgun,6,1,40,106.2,14:34,14.56
H001,0_Gun_Aksam,61,E,24.9,127,88,82,0,25,0.56,Yorgun,6,1,39,104.1,17:24,17.4
H001,1_Gun_Sabah_Dinlenme,61,E,24.9,129,89,84,0,17,0.38,Gergin,5,1,40,108.4,10:35,10.58
H001,1_Gun_Sabah_Yuruyus,61,E,24.9,135,92,92,0,34,0.88,Gergin,8,2,43,124.2,11:02,11.03
H001,1_Gun_Aksam_Dinlenme,61,E,24.9,128,88,82,0,23,0.64,Endiseli,6,1,40,105.0,15:22,15.37
H001,1_Gun_Aksam_Yuruyus,61,E,24.9,136,93,93,0,29,0.69,Tedirgin,7,2,43,126.5,15:41,15.68
H001,2_Gun_Sabah_Dinlenme,61,E,24.9,130,89,85,0,25,0.55,Yorgun,5,1,41,110.5,08:54,8.9
H001,2_Gun_Sabah_Yuruyus,61,E,24.9,129,89,85,0,23,0.35,Gergin,5,1,40,109.6,09:26,9.43
H001,2_Gun_Aksam_Dinlenme,61,E,24.9,126,87,80,0,21,0.63,Gergin,5,1,39,100.8,16:27,16.44
H001,2_Gun_Aksam_Yuruyus,61,E,24.9,137,93,94,0,31,0.65,Gergin,7,2,44,128.8,16:56,16.93
H001,3_Gun_Sabah_Dinlenme,61,E,24.9,121,84,75,0,10,0.21,Yorgun,2,0,37,90.8,08:48,8.8
H001,3_Gun_Sabah_Yuruyus,61,E,24.9,128,88,82,0,15,0.48,Endiseli,4,1,40,105.0,09:22,9.37
H001,3_Gun_Aksam_Dinlenme,61,E,24.9,119,83,71,0,7,0.17,Sakin,1,0,36,84.5,17:00,17.0
H001,3_Gun_Aksam_Yuruyus,61,E,24.9,128,88,83,0,27,0.7,Gergin,6,1,40,106.2,17:19,17.32
H002,0_Gun_Kabul,56,K,27.9,133,83,100,0,36,0.76,Gergin,8,2,50,133.0,14:16,14.27
H002,0_Gun_Aksam,56,K,27.9,133,83,100,0,35,0.93,Agrili,8,2,50,133.0,15:52,15.87
H002,1_Gun_Sabah_Dinlenme,56,K,27.9,125,78,90,0,22,0.51,Yorgun,6,1,47,112.5,09:31,9.51
H002,1_Gun_Sabah_Yuruyus,56,K,27.9,138,86,106,1,44,1.0,Agrili,10,2,52,146.3,09:56,9.94
H002,1_Gun_Aksam_Dinlenme,56,K,27.9,126,79,91,0,27,0.61,Yorgun,6,1,47,114.7,16:02,16.04
H002,1_Gun_Aksam_Yuruyus,56,K,27.9,141,88,110,1,45,0.97,Tedirgin,10,2,53,155.1,16:23,16.38
H002,2_Gun_Sabah_Dinlenme,56,K,27.9,128,80,93,0,20,0.43,Gergin,5,1,48,119.0,10:17,10.28
H002,2_Gun_Sabah_Yuruyus,56,K,27.9,128,80,94,0,35,0.71,Agrili,7,2,48,120.3,10:35,10.58
H002,2_Gun_Aksam_Dinlenme,56,K,27.9,125,78,90,0,23,0.88,Yorgun,6,1,47,112.5,15:42,15.7
H002,2_Gun_Aksam_Yuruyus,56,K,27.9,128,80,93,0,32,0.6,Gergin,7,2,48,119.0,16:04,16.07
H002,3_Gun_Sabah_Dinlenme,56,K,27.9,119,75,83,0,3,0.17,Yorgun,2,0,44,98.8,09:53,9.89
H002,3_Gun_Sabah_Yuruyus,56,K,27.9,122,77,87,0,12,0.3,Sakin,3,0,45,106.1,10:24,10.4
H002,3_Gun_Aksam_Dinlenme,56,K,27.9,118,74,81,0,8,0.05,Sakin,2,0,44,95.6,15:29,15.48
H002,3_Gun_Aksam_Yuruyus,56,K,27.9,127,79,92,0,24,0.5,Yorgun,5,1,48,116.8,15:54,15.9
H003,0_Gun_Kabul,78,K,37.7,132,91,80,0,27,0.5,Yorgun,6,1,41,105.6,14:53,14.89
H003,0_Gun_Aksam,78,K,37.7,141,96,91,0,34,0.92,Gergin,8,2,45,128.3,15:36,15.59
H003,1_Gun_Sabah_Dinlenme,78,K,37.7,130,90,78,0,19,0.41,Endiseli,4,1,40,101.4,10:16,10.27
H003,1_Gun_Sabah_Yuruyus,78,K,37.7,132,91,80,0,32,0.66,Endiseli,6,1,41,105.6,10:35,10.58
H003,1_Gun_Aksam_Dinlenme,78,K,37.7,134,92,83,0,17,0.5,Gergin,5,1,42,111.2,15:09,15.16
H003,1_Gun_Aksam_Yuruyus,78,K,37.7,148,100,101,1,40,0.99,Agrili,10,2,48,149.5,15:43,15.72
H003,2_Gun_Sabah_Dinlenme,78,K,37.7,131,90,79,0,20,0.38,Yorgun,4,1,41,103.5,11:10,11.16
H003,2_Gun_Sabah_Yuruyus,78,K,37.7,140,96,91,0,30,0.91,Tedirgin,8,2,44,127.4,11:41,11.68
H003,2_Gun_Aksam_Dinlenme,78,K,37.7,130,90,78,0,27,0.52,Endiseli,6,1,40,101.4,15:44,15.73
H003,2_Gun_Aksam_Yuruyus,78,K,37.7,134,92,82,0,31,0.75,Agrili,7,2,42,109.9,16:01,16.01
H003,3_Gun_Sabah_Dinlenme,78,K,37.7,125,87,71,0,10,0.27,Yorgun,2,0,38,88.8,10:28,10.46
H003,3_Gun_Sabah_Yuruyus,78,K,37.7,130,89,77,0,19,0.2,Yorgun,4,1,41,100.1,10:51,10.86
H003,3_Gun_Aksam_Dinlenme,78,K,37.7,131,90,79,0,21,0.45,Yorgun,4,1,41,103.5,15:18,15.29
H003,3_Gun_Aksam_Yuruyus,78,K,37.7,130,89,77,0,19,0.7,Endiseli,5,1,41,100.1,15:42,15.71
H004,0_Gun_Kabul,57,E,22.7,146,96,110,1,42,0.68,Agrili,9,2,50,160.6,14:03,14.05
H004,0_Gun_Aksam,57,E,22.7,134,88,94,0,28,0.71,Agrili,7,2,46,126.0,17:19,17.32
H004,1_Gun_Sabah_Dinlenme,57,E,22.7,131,86,90,0,24,0.58,Yorgun,5,1,45,117.9,09:24,9.4
H004,1_Gun_Sabah_Yuruyus,57,E,22.7,143,94,106,1,43,0.89,Tedirgin,9,2,49,151.6,09:52,9.87
H004,1_Gun_Aksam_Dinlenme,57,E,22.7,134,89,95,0,32,0.9,Agrili,7,2,45,127.3,15:45,15.75
H004,1_Gun_Aksam_Yuruyus,57,E,22.7,140,92,102,1,31,0.86,Tedirgin,7,2,48,142.8,16:10,16.17
H004,2_Gun_Sabah_Dinlenme,57,E,22.7,131,86,90,0,22,0.41,Endiseli,5,1,45,117.9,10:07,10.12
H004,2_Gun_Sabah_Yuruyus,57,E,22.7,134,88,94,0,27,0.5,Yorgun,6,1,46,126.0,10:26,10.43
H004,2_Gun_Aksam_Dinlenme,57,E,22.7,126,84,85,0,12,0.34,Sakin,3,0,42,107.1,17:20,17.33
H004,2_Gun_Aksam_Yuruyus,57,E,22.7,130,86,90,0,27,0.47,Yorgun,5,1,44,117.0,17:50,17.84
H004,3_Gun_Sabah_Dinlenme,57,E,22.7,125,83,83,0,7,0.21,Sakin,2,0,42,103.8,11:06,11.1
H004,3_Gun_Sabah_Yuruyus,57,E,22.7,135,89,96,0,18,0.25,Endiseli,5,1,46,129.6,11:39,11.65
H004,3_Gun_Aksam_Dinlenme,57,E,22.7,126,84,84,0,11,0.47,Yorgun,3,0,42,105.8,16:26,16.43
H004,3_Gun_Aksam_Yuruyus,57,E,22.7,127,84,85,0,14,0.33,Yorgun,3,0,43,108.0,17:00,16.99
H005,0_Gun_Kabul,83,E,30.9,123,87,88,0,24,0.58,Endiseli,6,1,36,108.2,14:08,14.13
H005,0_Gun_Aksam,83,E,30.9,126,89,91,0,21,0.63,Gergin,5,1,37,114.7,15:54,15.89
H005,1_Gun_Sabah_Dinlenme,83,E,30.9,121,86,85,0,17,0.29,Endiseli,4,1,35,102.8,08:52,8.86
H005,1_Gun_Sabah_Yuruyus,83,E,30.9,134,94,102,1,36,0.91,Agrili,8,2,40,136.7,09:13,9.22
H005,1_Gun_Aksam_Dinlenme,83,E,30.9,123,87,88,0,27,0.46,Endiseli,6,1,36,108.2,15:56,15.93
H005,1_Gun_Aksam_Yuruyus,83,E,30.9,128,90,94,0,29,0.79,Yorgun,6,1,38,120.3,16:16,16.27
H005,2_Gun_Sabah_Dinlenme,83,E,30.9,119,85,83,0,13,0.41,Sakin,3,0,34,98.8,10:49,10.82
H005,2_Gun_Sabah_Yuruyus,83,E,30.9,128,90,95,0,41,0.79,Agrili,9,2,38,121.6,11:11,11.19
H005,2_Gun_Aksam_Dinlenme,83,E,30.9,118,84,82,0,10,0.5,Yorgun,3,0,34,96.8,15:40,15.67
H005,2_Gun_Aksam_Yuruyus,83,E,30.9,127,90,93,0,29,0.65,Gergin,6,1,37,118.1,16:06,16.11
H005,3_Gun_Sabah_Dinlenme,83,E,30.9,120,86,85,0,6,0.41,Sakin,3,0,34,102.0,09:06,9.1
H005,3_Gun_Sabah_Yuruyus,83,E,30.9,123,87,88,0,26,0.44,Yorgun,5,1,36,108.2,09:37,9.62
H005,3_Gun_Aksam_Dinlenme,83,E,30.9,116,83,80,0,11,0.11,Yorgun,2,0,33,92.8,15:11,15.18
H005,3_Gun_Aksam_Yuruyus,83,E,30.9,126,89,92,0,26,0.5,Gergin,5,1,37,115.9,15:45,15.76
H006,0_Gun_Kabul,76,K,23.6,132,92,101,1,45,1.0,Agrili,9,2,40,133.3,15:10,15.16
H006,0_Gun_Aksam,76,K,23.6,130,91,99,0,27,0.69,Gergin,7,2,39,128.7,15:54,15.9
H006,1_Gun_Sabah_Dinlenme,76,K,23.6,128,90,96,0,36,0.98,Agrili,8,2,38,122.9,08:46,8.76
H006,1_Gun_Sabah_Yuruyus,76,K,23.6,140,96,110,1,42,0.94,Agrili,10,2,44,154.0,09:17,9.29
H006,1_Gun_Aksam_Dinlenme,76,K,23.6,121,85,87,0,20,0.38,Endiseli,4,1,36,105.3,16:42,16.7
H006,1_Gun_Aksam_Yuruyus,76,K,23.6,133,93,103,1,27,0.52,Tedirgin,7,2,40,137.0,17:11,17.19
H006,2_Gun_Sabah_Dinlenme,76,K,23.6,127,89,95,0,17,0.58,Yorgun,5,1,38,120.6,10:41,10.68
H006,2_Gun_Sabah_Yuruyus,76,K,23.6,131,91,100,0,29,0.63,Tedirgin,7,2,40,131.0,10:57,10.95
H006,2_Gun_Aksam_Dinlenme,76,K,23.6,120,85,86,0,15,0.44,Endiseli,4,1,35,103.2,15:52,15.86
H006,2_Gun_Aksam_Yuruyus,76,K,23.6,126,88,93,0,19,0.6,Endiseli,5,1,38,117.2,16:09,16.15
H006,3_Gun_Sabah_Dinlenme,76,K,23.6,117,83,82,0,7,0.21,Yorgun,2,0,34,95.9,10:54,10.91
H006,3_Gun_Sabah_Yuruyus,76,K,23.6,122,86,88,0,22,0.59,Endiseli,5,1,36,107.4,11:22,11.37
H006,3_Gun_Aksam_Dinlenme,76,K,23.6,121,85,87,0,16,0.47,Endiseli,4,1,36,105.3,15:48,15.79
H006,3_Gun_Aksam_Yuruyus,76,K,23.6,120,85,85,0,17,0.49,Sakin,3,0,35,102.0,16:04,16.07
H007,0_Gun_Kabul,70,E,36.6,133,85,88,0,31,0.65,Agrili,7,2,48,117.0,14:28,14.47
H007,0_Gun_Aksam,70,E,36.6,131,84,85,0,23,0.54,Gergin,6,1,47,111.4,16:09,16.15
H007,1_Gun_Sabah_Dinlenme,70,E,36.6,133,85,88,0,29,0.55,Yorgun,6,1,48,117.0,10:34,10.57
H007,1_Gun_Sabah_Yuruyus,70,E,36.6,134,85,88,0,35,0.85,Tedirgin,8,2,49,117.9,11:02,11.04
H007,1_Gun_Aksam_Dinlenme,70,E,36.6,132,85,87,0,30,0.56,Endiseli,6,1,47,114.8,17:08,17.13
H007,1_Gun_Aksam_Yuruyus,70,E,36.6,143,91,100,0,43,0.85,Agrili,9,2,52,143.0,17:32,17.54
H007,2_Gun_Sabah_Dinlenme,70,E,36.6,130,83,84,0,17,0.47,Endiseli,5,1,47,109.2,09:03,9.05
H007,2_Gun_Sabah_Yuruyus,70,E,36.6,133,85,88,0,27,0.66,Endiseli,6,1,48,117.0,09:32,9.54
H007,2_Gun_Aksam_Dinlenme,70,E,36.6,133,85,88,0,21,0.53,Endiseli,5,1,48,117.0,16:50,16.83
H007,2_Gun_Aksam_Yuruyus,70,E,36.6,131,84,85,0,27,0.52,Yorgun,6,1,47,111.4,17:16,17.26
H007,3_Gun_Sabah_Dinlenme,70,E,36.6,125,80,78,0,14,0.16,Yorgun,3,0,45,97.5,10:41,10.68
H007,3_Gun_Sabah_Yuruyus,70,E,36.6,129,83,83,0,20,0.77,Yorgun,5,1,46,107.1,11:06,11.09
H007,3_Gun_Aksam_Dinlenme,70,E,36.6,124,79,76,0,6,0.23,Sakin,2,0,45,94.2,16:15,16.25
H007,3_Gun_Aksam_Yuruyus,70,E,36.6,124,79,76,0,11,0.32,Yorgun,2,0,45,94.2,16:39,16.65
H008,0_Gun_Kabul,73,E,27.6,137,83,100,0,35,0.91,Tedirgin,9,2,54,137.0,14:02,14.04
H008,0_Gun_Aksam,73,E,27.6,132,80,94,0,28,0.74,Tedirgin,7,2,52,124.1,15:43,15.72
H008,1_Gun_Sabah_Dinlenme,73,E,27.6,126,76,86,0,23,0.65,Yorgun,6,1,50,108.4,08:50,8.83
H008,1_Gun_Sabah_Yuruyus,73,E,27.6,134,81,96,0,36,0.87,Gergin,8,2,53,128.6,09:17,9.29
H008,1_Gun_Aksam_Dinlenme,73,E,27.6,125,75,84,0,20,0.44,Endiseli,5,1,50,105.0,15:45,15.75
H008,1_Gun_Aksam_Yuruyus,73,E,27.6,128,77,88,0,23,0.48,Endiseli,6,1,51,112.6,16:10,16.17
H008,2_Gun_Sabah_Dinlenme,73,E,27.6,122,74,81,0,16,0.28,Sakin,3,0,48,98.8,11:01,11.02
H008,2_Gun_Sabah_Yuruyus,73,E,27.6,132,79,93,0,31,0.7,Gergin,7,2,53,122.8,11:21,11.35
H008,2_Gun_Aksam_Dinlenme,73,E,27.6,126,76,86,0,25,0.41,Gergin,5,1,50,108.4,15:59,15.98
H008,2_Gun_Aksam_Yuruyus,73,E,27.6,129,78,90,0,34,0.9,Gergin,8,2,51,116.1,16:29,16.49
H008,3_Gun_Sabah_Dinlenme,73,E,27.6,119,72,77,0,8,0.17,Yorgun,2,0,47,91.6,09:19,9.32
H008,3_Gun_Sabah_Yuruyus,73,E,27.6,122,74,81,0,11,0.22,Yorgun,3,0,48,98.8,09:36,9.6
H008,3_Gun_Aksam_Dinlenme,73,E,27.6,120,73,78,0,6,0.19,Yorgun,2,0,47,93.6,15:42,15.7
H008,3_Gun_Aksam_Yuruyus,73,E,27.6,127,77,87,0,17,0.36,Endiseli,5,1,50,110.5,16:00,16.0
H009,0_Gun_Kabul,74,E,31.1,139,85,90,0,39,0.86,Agrili,9,2,54,125.1,15:24,15.39
H009,0_Gun_Aksam,74,E,31.1,133,81,83,0,29,0.57,Yorgun,6,1,52,110.4,17:07,17.12
H009,1_Gun_Sabah_Dinlenme,74,E,31.1,130,79,79,0,19,0.3,Gergin,4,1,51,102.7,10:20,10.33
H009,1_Gun_Sabah_Yuruyus,74,E,31.1,143,87,95,0,43,1.0,Tedirgin,10,2,56,135.8,10:52,10.87
H009,1_Gun_Aksam_Dinlenme,74,E,31.1,132,80,81,0,23,0.71,Yorgun,5,1,52,106.9,16:56,16.93
H009,1_Gun_Aksam_Yuruyus,74,E,31.1,144,88,97,0,40,0.8,Tedirgin,9,2,56,139.7,17:14,17.24
H009,2_Gun_Sabah_Dinlenme,74,E,31.1,133,81,83,0,28,0.31,Endiseli,5,1,52,110.4,10:59,10.98
H009,2_Gun_Sabah_Yuruyus,74,E,31.1,133,81,83,0,26,0.53,Gergin,6,1,52,110.4,11:25,11.41
H009,2_Gun_Aksam_Dinlenme,74,E,31.1,133,81,82,0,23,0.57,Yorgun,5,1,52,109.1,16:56,16.94
H009,2_Gun_Aksam_Yuruyus,74,E,31.1,131,80,80,0,24,0.57,Gergin,5,1,51,104.8,17:29,17.49
H009,3_Gun_Sabah_Dinlenme,74,E,31.1,127,78,76,0,14,0.26,Yorgun,3,0,49,96.5,09:33,9.55
H009,3_Gun_Sabah_Yuruyus,74,E,31.1,136,83,86,0,26,0.41,Endiseli,5,1,53,117.0,09:50,9.83
H009,3_Gun_Aksam_Dinlenme,74,E,31.1,127,78,76,0,11,0.38,Yorgun,2,0,49,96.5,15:33,15.55
H009,3_Gun_Aksam_Yuruyus,74,E,31.1,133,81,83,0,20,0.17,Endiseli,4,1,52,110.4,15:56,15.94
H010,0_Gun_Kabul,62,K,30.7,130,84,86,0,37,0.9,Tedirgin,8,2,46,111.8,15:14,15.23
H010,0_Gun_Aksam,62,K,30.7,132,85,88,0,34,0.76,Gergin,7,2,47,116.2,17:13,17.22
H010,1_Gun_Sabah_Dinlenme,62,K,30.7,128,82,83,0,27,0.5,Gergin,5,1,46,106.2,08:46,8.77
H010,1_Gun_Sabah_Yuruyus,62,K,30.7,131,84,88,0,26,0.52,Yorgun,6,1,47,115.3,09:11,9.19
H010,1_Gun_Aksam_Dinlenme,62,K,30.7,131,84,87,0,35,0.65,Agrili,7,2,47,114.0,16:00,16.0
H010,1_Gun_Aksam_Yuruyus,62,K,30.7,127,82,82,0,23,0.57,Gergin,6,1,45,104.1,16:20,16.33
H010,2_Gun_Sabah_Dinlenme,62,K,30.7,127,82,82,0,21,0.54,Gergin,6,1,45,104.1,09:03,9.05
H010,2_Gun_Sabah_Yuruyus,62,K,30.7,130,83,86,0,38,0.63,Tedirgin,8,2,47,111.8,09:25,9.41
H010,2_Gun_Aksam_Dinlenme,62,K,30.7,129,83,85,0,20,0.51,Endiseli,5,1,46,109.6,17:16,17.26
H010,2_Gun_Aksam_Yuruyus,62,K,30.7,128,82,83,0,29,0.64,Tedirgin,7,2,46,106.2,17:37,17.62
H010,3_Gun_Sabah_Dinlenme,62,K,30.7,120,78,74,0,9,0.26,Sakin,2,0,42,88.8,10:03,10.05
H010,3_Gun_Sabah_Yuruyus,62,K,30.7,128,82,83,0,24,0.46,Endiseli,5,1,46,106.2,10:32,10.53
H010,3_Gun_Aksam_Dinlenme,62,K,30.7,121,78,75,0,15,0.37,Sakin,3,0,43,90.8,15:52,15.87
H010,3_Gun_Aksam_Yuruyus,62,K,30.7,126,81,81,0,16,0.46,Gergin,4,1,45,102.1,16:27,16.45
H011,0_Gun_Kabul,81,K,24.8,127,79,83,0,28,0.6,Endiseli,5,1,48,105.4,15:27,15.44
H011,0_Gun_Aksam,81,K,24.8,128,80,85,0,22,0.6,Endiseli,5,1,48,108.8,16:00,16.0
H011,1_Gun_Sabah_Dinlenme,81,K,24.8,127,79,84,0,27,0.63,Gergin,6,1,48,106.7,10:00,9.99
H011,1_Gun_Sabah_Yuruyus,81,K,24.8,134,83,93,0,34,0.9,Gergin,8,2,51,124.6,10:21,10.34
H011,1_Gun_Aksam_Dinlenme,81,K,24.8,127,79,83,0,34,0.47,Endiseli,6,1,48,105.4,15:41,15.68
H011,1_Gun_Aksam_Yuruyus,81,K,24.8,133,82,91,0,26,0.97,Gergin,7,2,51,121.0,15:57,15.95
H011,2_Gun_Sabah_Dinlenme,81,K,24.8,123,77,79,0,18,0.35,Yorgun,4,1,46,97.2,10:16,10.27
H011,2_Gun_Sabah_Yuruyus,81,K,24.8,139,86,98,0,40,0.82,Tedirgin,8,2,53,136.2,10:41,10.69
H011,2_Gun_Aksam_Dinlenme,81,K,24.8,133,82,91,0,30,0.39,Gergin,6,1,51,121.0,15:07,15.12
H011,2_Gun_Aksam_Yuruyus,81,K,24.8,125,78,81,0,22,0.49,Yorgun,5,1,47,101.2,15:28,15.47
H011,3_Gun_Sabah_Dinlenme,81,K,24.8,120,75,76,0,11,0.28,Sakin,2,0,45,91.2,11:01,11.02
H011,3_Gun_Sabah_Yuruyus,81,K,24.8,132,82,90,0,31,0.55,Gergin,6,1,50,118.8,11:21,11.35
H011,3_Gun_Aksam_Dinlenme,81,K,24.8,120,75,75,0,9,0.17,Sakin,2,0,45,90.0,15:21,15.35
H011,3_Gun_Aksam_Yuruyus,81,K,24.8,133,82,91,0,31,0.64,Endiseli,6,1,51,121.0,15:46,15.76
H012,0_Gun_Kabul,55,E,27.5,131,91,81,0,23,0.68,Yorgun,6,1,40,106.1,15:29,15.48
H012,0_Gun_Aksam,55,E,27.5,138,95,90,0,30,0.77,Tedirgin,7,2,43,124.2,15:59,15.98
H012,1_Gun_Sabah_Dinlenme,55,E,27.5,136,94,87,0,25,0.68,Yorgun,6,1,42,118.3,10:26,10.43
H012,1_Gun_Sabah_Yuruyus,55,E,27.5,134,92,85,0,25,0.55,Gergin,6,1,42,113.9,10:56,10.93
H012,1_Gun_Aksam_Dinlenme,55,E,27.5,136,93,87,0,29,0.57,Tedirgin,7,2,43,118.3,15:34,15.57
H012,1_Gun_Aksam_Yuruyus,55,E,27.5,138,95,90,0,29,0.63,Agrili,7,2,43,124.2,16:04,16.06
H012,2_Gun_Sabah_Dinlenme,55,E,27.5,130,90,79,0,18,0.52,Gergin,4,1,40,102.7,09:40,9.67
H012,2_Gun_Sabah_Yuruyus,55,E,27.5,136,94,87,0,30,0.84,Gergin,7,2,42,118.3,10:08,10.13
H012,2_Gun_Aksam_Dinlenme,55,E,27.5,128,89,77,0,24,0.41,Gergin,5,1,39,98.6,16:31,16.52
H012,2_Gun_Aksam_Yuruyus,55,E,27.5,128,89,77,0,21,0.52,Gergin,5,1,39,98.6,16:57,16.95
H012,3_Gun_Sabah_Dinlenme,55,E,27.5,127,89,76,0,15,0.64,Yorgun,4,1,38,96.5,08:59,8.98
H012,3_Gun_Sabah_Yuruyus,55,E,27.5,133,92,83,0,27,0.45,Endiseli,6,1,41,110.4,09:30,9.5
H012,3_Gun_Aksam_Dinlenme,55,E,27.5,120,85,68,0,12,0.03,Yorgun,1,0,35,81.6,15:46,15.77
H012,3_Gun_Aksam_Yuruyus,55,E,27.5,130,90,79,0,19,0.33,Endiseli,5,1,40,102.7,16:05,16.08
H013,0_Gun_Kabul,83,E,29.0,126,78,80,0,17,0.61,Yorgun,5,1,48,100.8,14:04,14.06
H013,0_Gun_Aksam,83,E,29.0,130,80,85,0,24,0.62,Yorgun,5,1,50,110.5,16:41,16.68
H013,1_Gun_Sabah_Dinlenme,83,E,29.0,133,82,89,0,29,0.73,Gergin,6,1,51,118.4,10:27,10.44
H013,1_Gun_Sabah_Yuruyus,83,E,29.0,142,87,100,0,41,0.93,Tedirgin,9,2,55,142.0,10:42,10.7
H013,1_Gun_Aksam_Dinlenme,83,E,29.0,136,83,92,0,33,0.76,Agrili,7,2,53,125.1,16:14,16.23
H013,1_Gun_Aksam_Yuruyus,83,E,29.0,130,80,84,0,30,0.59,Agrili,7,2,50,109.2,16:33,16.55
H013,2_Gun_Sabah_Dinlenme,83,E,29.0,130,80,84,0,21,0.59,Yorgun,5,1,50,109.2,10:22,10.36
H013,2_Gun_Sabah_Yuruyus,83,E,29.0,131,81,86,0,28,0.93,Gergin,7,2,50,112.7,10:40,10.67
H013,2_Gun_Aksam_Dinlenme,83,E,29.0,129,79,83,0,26,0.59,Yorgun,6,1,50,107.1,16:39,16.66
H013,2_Gun_Aksam_Yuruyus,83,E,29.0,131,81,86,0,27,0.73,Endiseli,6,1,50,112.7,17:02,17.04
H013,3_Gun_Sabah_Dinlenme,83,E,29.0,120,74,72,0,11,0.19,Yorgun,2,0,46,86.4,11:06,11.09
H013,3_Gun_Sabah_Yuruyus,83,E,29.0,132,81,87,0,25,0.42,Endiseli,6,1,51,114.8,11:23,11.39
H013,3_Gun_Aksam_Dinlenme,83,E,29.0,122,75,74,0,11,0.23,Yorgun,3,0,47,90.3,15:49,15.82
H013,3_Gun_Aksam_Yuruyus,83,E,29.0,124,76,77,0,17,0.26,Endiseli,4,1,48,95.5,16:06,16.11
H014,0_Gun_Kabul,84,E,33.4,134,90,91,0,45,0.86,Gergin,9,2,44,121.9,15:23,15.39
H014,0_Gun_Aksam,84,E,33.4,130,87,85,0,28,0.44,Gergin,6,1,43,110.5,17:15,17.25
H014,1_Gun_Sabah_Dinlenme,84,E,33.4,137,91,94,0,42,0.7,Gergin,8,2,46,128.8,09:24,9.39
H014,1_Gun_Sabah_Yuruyus,84,E,33.4,132,88,87,0,34,0.9,Gergin,8,2,44,114.8,09:52,9.86
H014,1_Gun_Aksam_Dinlenme,84,E,33.4,128,86,83,0,29,0.62,Tedirgin,7,2,42,106.2,16:58,16.96
H014,1_Gun_Aksam_Yuruyus,84,E,33.4,133,89,89,0,27,0.83,Tedirgin,7,2,44,118.4,17:24,17.4
H014,2_Gun_Sabah_Dinlenme,84,E,33.4,126,85,80,0,22,0.36,Gergin,5,1,41,100.8,10:04,10.07
H014,2_Gun_Sabah_Yuruyus,84,E,33.4,133,89,89,0,29,0.61,Gergin,7,2,44,118.4,10:24,10.4
H014,2_Gun_Aksam_Dinlenme,84,E,33.4,128,86,82,0,22,0.7,Endiseli,5,1,42,105.0,15:13,15.22
H014,2_Gun_Aksam_Yuruyus,84,E,33.4,131,88,86,0,28,0.69,Endiseli,6,1,43,112.7,15:46,15.77
H014,3_Gun_Sabah_Dinlenme,84,E,33.4,120,81,73,0,12,0.34,Sakin,3,0,39,87.6,11:00,11.0
H014,3_Gun_Sabah_Yuruyus,84,E,33.4,131,88,86,0,27,0.71,Endiseli,6,1,43,112.7,11:28,11.46
H014,3_Gun_Aksam_Dinlenme,84,E,33.4,122,83,76,0,20,0.63,Yorgun,4,1,39,92.7,15:49,15.81
H014,3_Gun_Aksam_Yuruyus,84,E,33.4,128,86,82,0,20,0.51,Yorgun,5,1,42,105.0,16:11,16.18
H015,0_Gun_Kabul,70,E,35.4,141,86,107,1,35,0.86,Gergin,8,2,55,150.9,15:05,15.09
H015,0_Gun_Aksam,70,E,35.4,136,83,100,0,44,0.79,Tedirgin,9,2,53,136.0,17:18,17.29
H015,1_Gun_Sabah_Dinlenme,70,E,35.4,132,81,96,0,21,0.52,Gergin,5,1,51,126.7,10:58,10.97
H015,1_Gun_Sabah_Yuruyus,70,E,35.4,136,83,100,0,30,0.58,Agrili,7,2,53,136.0,11:29,11.48
H015,1_Gun_Aksam_Dinlenme,70,E,35.4,129,79,92,0,18,0.44,Endiseli,4,1,50,118.7,16:32,16.54
H015,1_Gun_Aksam_Yuruyus,70,E,35.4,139,84,104,1,42,0.84,Gergin,9,2,55,144.6,16:49,16.82
H015,2_Gun_Sabah_Dinlenme,70,E,35.4,133,81,97,0,23,0.43,Gergin,5,1,52,129.0,09:09,9.15
H015,2_Gun_Sabah_Yuruyus,70,E,35.4,136,83,101,1,29,0.75,Tedirgin,7,2,53,137.4,09:42,9.7
H015,2_Gun_Aksam_Dinlenme,70,E,35.4,128,78,90,0,21,0.56,Yorgun,5,1,50,115.2,16:27,16.46
H015,2_Gun_Aksam_Yuruyus,70,E,35.4,135,82,99,0,27,0.44,Gergin,7,2,53,133.6,16:43,16.71
H015,3_Gun_Sabah_Dinlenme,70,E,35.4,121,74,82,0,7,0.1,Sakin,1,0,47,99.2,09:00,9.0
H015,3_Gun_Sabah_Yuruyus,70,E,35.4,129,79,92,0,24,0.46,Yorgun,5,1,50,118.7,09:28,9.47
H015,3_Gun_Aksam_Dinlenme,70,E,35.4,124,76,86,0,7,0.31,Sakin,2,0,48,106.6,15:01,15.01
H015,3_Gun_Aksam_Yuruyus,70,E,35.4,127,77,89,0,14,0.56,Gergin,4,1,50,113.0,15:19,15.32
H016,0_Gun_Kabul,69,K,30.7,134,84,79,0,21,0.55,Yorgun,5,1,50,105.9,14:49,14.82
H016,0_Gun_Aksam,69,K,30.7,146,91,93,0,40,0.98,Agrili,8,2,55,135.8,16:53,16.88
H016,1_Gun_Sabah_Dinlenme,69,K,30.7,133,83,77,0,20,0.54,Endiseli,5,1,50,102.4,10:23,10.38
H016,1_Gun_Sabah_Yuruyus,69,K,30.7,146,91,94,0,35,0.65,Gergin,8,2,55,137.2,10:42,10.7
H016,1_Gun_Aksam_Dinlenme,69,K,30.7,139,87,85,0,26,0.72,Tedirgin,7,2,52,118.2,16:43,16.71
H016,1_Gun_Aksam_Yuruyus,69,K,30.7,151,94,101,1,45,1.0,Tedirgin,10,2,57,152.5,17:02,17.04
H016,2_Gun_Sabah_Dinlenme,69,K,30.7,131,83,76,0,13,0.17,Yorgun,3,0,48,99.6,09:34,9.56
H016,2_Gun_Sabah_Yuruyus,69,K,30.7,142,89,88,0,34,0.7,Tedirgin,7,2,53,125.0,10:04,10.06
H016,2_Gun_Aksam_Dinlenme,69,K,30.7,128,81,72,0,10,0.32,Sakin,3,0,47,92.2,16:34,16.56
H016,2_Gun_Aksam_Yuruyus,69,K,30.7,142,89,89,0,31,0.69,Tedirgin,7,2,53,126.4,17:06,17.09
H016,3_Gun_Sabah_Dinlenme,69,K,30.7,133,84,78,0,18,0.36,Endiseli,4,1,49,103.7,10:24,10.39
H016,3_Gun_Sabah_Yuruyus,69,K,30.7,138,86,84,0,28,0.82,Gergin,6,1,52,115.9,10:50,10.83
H016,3_Gun_Aksam_Dinlenme,69,K,30.7,128,81,72,0,12,0.19,Sakin,2,0,47,92.2,15:13,15.22
H016,3_Gun_Aksam_Yuruyus,69,K,30.7,132,83,77,0,27,0.49,Endiseli,5,1,49,101.6,15:36,15.6
H017,0_Gun_Kabul,66,K,24.6,135,79,90,0,28,0.54,Gergin,6,1,56,121.5,14:24,14.4
H017,0_Gun_Aksam,66,K,24.6,137,81,93,0,37,0.61,Gergin,8,2,56,127.4,15:59,15.99
H017,1_Gun_Sabah_Dinlenme,66,K,24.6,135,79,91,0,25,0.52,Gergin,6,1,56,122.8,11:11,11.18
H017,1_Gun_Sabah_Yuruyus,66,K,24.6,141,83,98,0,34,0.81,Agrili,7,2,58,138.2,11:34,11.56
H017,1_Gun_Aksam_Dinlenme,66,K,24.6,139,82,96,0,22,0.82,Gergin,6,1,57,133.4,17:08,17.14
H017,1_Gun_Aksam_Yuruyus,66,K,24.6,144,85,102,1,42,1.0,Tedirgin,9,2,59,146.9,17:36,17.6
H017,2_Gun_Sabah_Dinlenme,66,K,24.6,139,82,95,0,28,0.46,Gergin,6,1,57,132.0,10:44,10.74
H017,2_Gun_Sabah_Yuruyus,66,K,24.6,141,83,97,0,36,0.52,Gergin,7,2,58,136.8,11:09,11.15
H017,2_Gun_Aksam_Dinlenme,66,K,24.6,136,80,92,0,23,0.43,Gergin,5,1,56,125.1,16:23,16.38
H017,2_Gun_Aksam_Yuruyus,66,K,24.6,136,80,91,0,20,0.54,Endiseli,6,1,56,123.8,16:48,16.8
H017,3_Gun_Sabah_Dinlenme,66,K,24.6,129,76,83,0,10,0.22,Yorgun,3,0,53,107.1,09:14,9.24
H017,3_Gun_Sabah_Yuruyus,66,K,24.6,135,79,91,0,17,0.43,Endiseli,5,1,56,122.8,09:44,9.73
H017,3_Gun_Aksam_Dinlenme,66,K,24.6,124,73,76,0,10,0.03,Yorgun,1,0,51,94.2,15:40,15.67
H017,3_Gun_Aksam_Yuruyus,66,K,24.6,129,76,83,0,10,0.34,Yorgun,3,0,53,107.1,15:56,15.93
H018,0_Gun_Kabul,74,K,31.7,142,84,99,0,34,0.69,Agrili,7,2,58,140.6,14:58,14.97
H018,0_Gun_Aksam,74,K,31.7,137,81,92,0,31,0.73,Gergin,7,2,56,126.0,15:51,15.85
H018,1_Gun_Sabah_Dinlenme,74,K,31.7,135,80,89,0,26,0.53,Gergin,6,1,55,120.2,11:06,11.1
H018,1_Gun_Sabah_Yuruyus,74,K,31.7,146,87,104,1,37,0.98,Agrili,9,2,59,151.8,11:40,11.67
H018,1_Gun_Aksam_Dinlenme,74,K,31.7,134,80,89,0,27,0.64,Yorgun,6,1,54,119.3,17:12,17.2
H018,1_Gun_Aksam_Yuruyus,74,K,31.7,145,86,103,1,41,0.7,Gergin,9,2,59,149.4,17:34,17.57
H018,2_Gun_Sabah_Dinlenme,74,K,31.7,130,77,84,0,10,0.35,Yorgun,3,0,53,109.2,08:47,8.79
H018,2_Gun_Sabah_Yuruyus,74,K,31.7,145,86,102,1,34,0.8,Agrili,8,2,59,147.9,09:21,9.35
H018,2_Gun_Aksam_Dinlenme,74,K,31.7,139,83,95,0,26,0.82,Yorgun,6,1,56,132.0,16:02,16.03
H018,2_Gun_Aksam_Yuruyus,74,K,31.7,138,82,94,0,36,0.87,Agrili,8,2,56,129.7,16:36,16.6
H018,3_Gun_Sabah_Dinlenme,74,K,31.7,132,79,86,0,15,0.43,Sakin,3,0,53,113.5,11:10,11.16
H018,3_Gun_Sabah_Yuruyus,74,K,31.7,135,80,90,0,21,0.42,Gergin,4,1,55,121.5,11:42,11.69
H018,3_Gun_Aksam_Dinlenme,74,K,31.7,130,77,84,0,14,0.23,Sakin,3,0,53,109.2,15:42,15.71
H018,3_Gun_Aksam_Yuruyus,74,K,31.7,140,83,96,0,29,0.61,Yorgun,6,1,57,134.4,16:05,16.09
H019,0_Gun_Kabul,73,E,28.0,129,85,86,0,24,0.78,Gergin,6,1,44,110.9,15:17,15.28
H019,0_Gun_Aksam,73,E,28.0,133,88,90,0,30,0.67,Agrili,7,2,45,119.7,16:08,16.13
H019,1_Gun_Sabah_Dinlenme,73,E,28.0,131,86,88,0,27,0.74,Gergin,6,1,45,115.3,09:10,9.17
H019,1_Gun_Sabah_Yuruyus,73,E,28.0,137,90,95,0,36,0.76,Tedirgin,9,2,47,130.2,09:37,9.61
H019,1_Gun_Aksam_Dinlenme,73,E,28.0,129,85,86,0,31,0.68,Yorgun,6,1,44,110.9,17:15,17.25
H019,1_Gun_Aksam_Yuruyus,73,E,28.0,134,88,91,0,39,0.94,Agrili,9,2,46,121.9,17:44,17.73
H019,2_Gun_Sabah_Dinlenme,73,E,28.0,128,85,84,0,22,0.6,Yorgun,6,1,43,107.5,10:11,10.18
H019,2_Gun_Sabah_Yuruyus,73,E,28.0,128,85,85,0,29,0.61,Endiseli,6,1,43,108.8,10:27,10.46
H019,2_Gun_Aksam_Dinlenme,73,E,28.0,128,85,84,0,19,0.6,Gergin,5,1,43,107.5,16:29,16.48
H019,2_Gun_Aksam_Yuruyus,73,E,28.0,125,83,81,0,23,0.64,Yorgun,5,1,42,101.2,17:03,17.06
H019,3_Gun_Sabah_Dinlenme,73,E,28.0,119,80,73,0,4,0.26,Sakin,2,0,39,86.9,09:06,9.1
H019,3_Gun_Sabah_Yuruyus,73,E,28.0,132,87,89,0,28,0.3,Yorgun,6,1,45,117.5,09:31,9.52
H019,3_Gun_Aksam_Dinlenme,73,E,28.0,118,79,72,0,4,0.13,Sakin,1,0,39,85.0,17:06,17.11
H019,3_Gun_Aksam_Yuruyus,73,E,28.0,122,81,76,0,15,0.29,Yorgun,3,0,41,92.7,17:36,17.6
H020,0_Gun_Kabul,78,K,25.8,134,85,92,0,36,0.77,Gergin,8,2,49,123.3,15:03,15.05
H020,0_Gun_Aksam,78,K,25.8,127,81,83,0,33,0.69,Tedirgin,7,2,46,105.4,16:54,16.9
H020,1_Gun_Sabah_Dinlenme,78,K,25.8,125,79,80,0,27,0.58,Endiseli,6,1,46,100.0,09:39,9.65
H020,1_Gun_Sabah_Yuruyus,78,K,25.8,132,84,89,0,38,0.87,Tedirgin,9,2,48,117.5,10:00,10.0
H020,1_Gun_Aksam_Dinlenme,78,K,25.8,126,80,81,0,20,0.68,Yorgun,5,1,46,102.1,16:57,16.94
H020,1_Gun_Aksam_Yuruyus,78,K,25.8,137,86,95,0,37,0.93,Gergin,8,2,51,130.2,17:28,17.46
H020,2_Gun_Sabah_Dinlenme,78,K,25.8,122,77,76,0,21,0.55,Gergin,4,1,45,92.7,10:55,10.92
H020,2_Gun_Sabah_Yuruyus,78,K,25.8,127,80,82,0,27,0.54,Gergin,6,1,47,104.1,11:28,11.47
H020,2_Gun_Aksam_Dinlenme,78,K,25.8,119,76,73,0,9,0.45,Sakin,3,0,43,86.9,16:14,16.23
H020,2_Gun_Aksam_Yuruyus,78,K,25.8,130,82,86,0,27,0.59,Agrili,7,2,48,111.8,16:39,16.64
H020,3_Gun_Sabah_Dinlenme,78,K,25.8,123,78,77,0,18,0.28,Yorgun,4,1,45,94.7,10:45,10.75
H020,3_Gun_Sabah_Yuruyus,78,K,25.8,127,80,82,0,21,0.4,Yorgun,5,1,47,104.1,11:13,11.21
H020,3_Gun_Aksam_Dinlenme,78,K,25.8,119,76,72,0,12,0.13,Sakin,2,0,43,85.7,16:41,16.68
H020,3_Gun_Aksam_Yuruyus,78,K,25.8,125,79,80,0,29,0.66,Endiseli,6,1,46,100.0,17:12,17.2
H021,0_Gun_Kabul,55,E,30.3,135,86,91,0,32,0.79,Agrili,8,2,49,122.8,15:20,15.34
H021,0_Gun_Aksam,55,E,30.3,125,81,78,0,19,0.35,Endiseli,5,1,44,97.5,16:11,16.18
H021,1_Gun_Sabah_Dinlenme,55,E,30.3,127,82,81,0,19,0.31,Endiseli,5,1,45,102.9,09:41,9.69
H021,1_Gun_Sabah_Yuruyus,55,E,30.3,130,84,85,0,37,0.97,Gergin,8,2,46,110.5,09:58,9.97
H021,1_Gun_Aksam_Dinlenme,55,E,30.3,129,83,84,0,29,0.37,Gergin,6,1,46,108.4,16:23,16.39
H021,1_Gun_Aksam_Yuruyus,55,E,30.3,140,89,97,0,42,0.98,Tedirgin,9,2,51,135.8,16:39,16.65
H021,2_Gun_Sabah_Dinlenme,55,E,30.3,123,80,76,0,20,0.37,Endiseli,4,1,43,93.5,09:55,9.91
H021,2_Gun_Sabah_Yuruyus,55,E,30.3,135,86,91,0,38,0.65,Agrili,7,2,49,122.8,10:21,10.34
H021,2_Gun_Aksam_Dinlenme,55,E,30.3,125,81,79,0,20,0.57,Endiseli,5,1,44,98.8,15:41,15.69
H021,2_Gun_Aksam_Yuruyus,55,E,30.3,132,85,88,0,28,0.6,Yorgun,6,1,47,116.2,16:08,16.13
H021,3_Gun_Sabah_Dinlenme,55,E,30.3,120,78,73,0,7,0.33,Sakin,2,0,42,87.6,08:50,8.83
H021,3_Gun_Sabah_Yuruyus,55,E,30.3,127,82,81,0,19,0.52,Yorgun,5,1,45,102.9,09:05,9.09
H021,3_Gun_Aksam_Dinlenme,55,E,30.3,117,76,68,0,4,0.01,Sakin,1,0,41,79.6,16:58,16.97
H021,3_Gun_Aksam_Yuruyus,55,E,30.3,132,85,88,0,25,0.6,Yorgun,6,1,47,116.2,17:21,17.34
H022,0_Gun_Kabul,63,E,26.2,130,89,83,0,29,0.57,Gergin,7,2,41,107.9,14:11,14.19
H022,0_Gun_Aksam,63,E,26.2,129,89,82,0,22,0.51,Gergin,6,1,40,105.8,16:33,16.54
H022,1_Gun_Sabah_Dinlenme,63,E,26.2,129,89,82,0,25,0.52,Gergin,5,1,40,105.8,10:40,10.67
H022,1_Gun_Sabah_Yuruyus,63,E,26.2,129,89,82,0,28,0.79,Yorgun,6,1,40,105.8,11:00,11.0
H022,1_Gun_Aksam_Dinlenme,63,E,26.2,133,91,87,0,34,0.63,Gergin,7,2,42,115.7,16:30,16.49
H022,1_Gun_Aksam_Yuruyus,63,E,26.2,139,94,94,0,33,0.9,Agrili,8,2,45,130.7,16:46,16.77
H022,2_Gun_Sabah_Dinlenme,63,E,26.2,127,87,79,0,20,0.43,Yorgun,5,1,40,100.3,08:53,8.88
H022,2_Gun_Sabah_Yuruyus,63,E,26.2,130,89,82,0,22,0.45,Gergin,6,1,41,106.6,09:18,9.31
H022,2_Gun_Aksam_Dinlenme,63,E,26.2,127,87,79,0,19,0.48,Endiseli,4,1,40,100.3,16:18,16.3
H022,2_Gun_Aksam_Yuruyus,63,E,26.2,135,92,89,0,37,0.72,Agrili,7,2,43,120.2,16:46,16.76
H022,3_Gun_Sabah_Dinlenme,63,E,26.2,123,85,73,0,14,0.35,Sakin,3,0,38,89.8,10:34,10.57
H022,3_Gun_Sabah_Yuruyus,63,E,26.2,129,88,81,0,28,0.56,Endiseli,5,1,41,104.5,11:08,11.14
H022,3_Gun_Aksam_Dinlenme,63,E,26.2,118,82,68,0,7,0.2,Sakin,1,0,36,80.2,16:14,16.24
H022,3_Gun_Aksam_Yuruyus,63,E,26.2,121,84,71,0,4,0.12,Yorgun,2,0,37,85.9,16:36,16.6
H023,0_Gun_Kabul,65,E,37.1,142,89,85,0,24,0.62,Endiseli,6,1,53,120.7,15:12,15.19
H023,0_Gun_Aksam,65,E,37.1,143,89,85,0,33,0.81,Agrili,7,2,54,121.6,16:02,16.04
H023,1_Gun_Sabah_Dinlenme,65,E,37.1,138,87,80,0,24,0.48,Gergin,6,1,51,110.4,09:51,9.85
H023,1_Gun_Sabah_Yuruyus,65,E,37.1,140,88,83,0,35,0.88,Gergin,7,2,52,116.2,10:07,10.12
H023,1_Gun_Aksam_Dinlenme,65,E,37.1,141,88,84,0,33,0.67,Tedirgin,7,2,53,118.4,15:04,15.06
H023,1_Gun_Aksam_Yuruyus,65,E,37.1,145,91,88,0,28,0.64,Gergin,7,2,54,127.6,15:38,15.63
H023,2_Gun_Sabah_Dinlenme,65,E,37.1,138,87,80,0,17,0.43,Endiseli,4,1,51,110.4,10:50,10.84
H023,2_Gun_Sabah_Yuruyus,65,E,37.1,150,94,95,0,38,0.76,Tedirgin,8,2,56,142.5,11:19,11.32
H023,2_Gun_Aksam_Dinlenme,65,E,37.1,138,87,80,0,19,0.52,Gergin,4,1,51,110.4,15:59,15.98
H023,2_Gun_Aksam_Yuruyus,65,E,37.1,140,88,82,0,32,0.69,Yorgun,6,1,52,114.8,16:17,16.29
H023,3_Gun_Sabah_Dinlenme,65,E,37.1,130,82,70,0,2,0.11,Sakin,1,0,48,91.0,09:08,9.14
H023,3_Gun_Sabah_Yuruyus,65,E,37.1,139,87,81,0,24,0.58,Endiseli,5,1,52,112.6,09:28,9.47
H023,3_Gun_Aksam_Dinlenme,65,E,37.1,135,85,76,0,15,0.31,Yorgun,3,0,50,102.6,16:19,16.32
H023,3_Gun_Aksam_Yuruyus,65,E,37.1,137,86,79,0,26,0.45,Yorgun,5,1,51,108.2,16:48,16.81
H024,0_Gun_Kabul,66,E,37.9,136,83,98,0,38,0.94,Agrili,8,2,53,133.3,14:59,14.99
H024,0_Gun_Aksam,66,E,37.9,130,79,90,0,31,0.86,Endiseli,6,1,51,117.0,16:04,16.06
H024,1_Gun_Sabah_Dinlenme,66,E,37.9,129,79,90,0,29,0.82,Tedirgin,7,2,50,116.1,11:08,11.14
H024,1_Gun_Sabah_Yuruyus,66,E,37.9,144,87,107,1,44,1.0,Gergin,10,2,57,154.1,11:38,11.63
H024,1_Gun_Aksam_Dinlenme,66,E,37.9,130,79,90,0,32,0.52,Gergin,6,1,51,117.0,16:20,16.33
H024,1_Gun_Aksam_Yuruyus,66,E,37.9,142,87,106,1,43,0.95,Agrili,10,2,55,150.5,16:47,16.78
H024,2_Gun_Sabah_Dinlenme,66,E,37.9,126,77,85,0,16,0.47,Yorgun,4,1,49,107.1,09:48,9.8
H024,2_Gun_Sabah_Yuruyus,66,E,37.9,133,81,94,0,36,0.88,Tedirgin,7,2,52,125.0,10:08,10.13
H024,2_Gun_Aksam_Dinlenme,66,E,37.9,124,76,82,0,16,0.23,Sakin,3,0,48,101.7,15:51,15.85
H024,2_Gun_Aksam_Yuruyus,66,E,37.9,135,82,97,0,34,0.67,Gergin,8,2,53,131.0,16:21,16.36
H024,3_Gun_Sabah_Dinlenme,66,E,37.9,121,74,79,0,11,0.28,Yorgun,2,0,47,95.6,08:47,8.79
H024,3_Gun_Sabah_Yuruyus,66,E,37.9,124,76,83,0,12,0.37,Yorgun,3,0,48,102.9,09:04,9.07
H024,3_Gun_Aksam_Dinlenme,66,E,37.9,122,75,80,0,9,0.14,Yorgun,2,0,47,97.6,15:07,15.11
H024,3_Gun_Aksam_Yuruyus,66,E,37.9,126,77,85,0,20,0.64,Yorgun,5,1,49,107.1,15:22,15.37
H025,0_Gun_Kabul,71,E,34.5,143,88,86,0,27,0.4,Gergin,7,2,55,123.0,15:17,15.28
H025,0_Gun_Aksam,71,E,34.5,146,89,90,0,30,0.67,Agrili,7,2,57,131.4,16:54,16.91
H025,1_Gun_Sabah_Dinlenme,71,E,34.5,146,89,90,0,38,0.89,Gergin,8,2,57,131.4,09:56,9.94
H025,1_Gun_Sabah_Yuruyus,71,E,34.5,146,90,90,0,32,0.64,Agrili,7,2,56,131.4,10:13,10.22
H025,1_Gun_Aksam_Dinlenme,71,E,34.5,136,83,77,0,15,0.33,Gergin,4,1,53,104.7,16:11,16.18
H025,1_Gun_Aksam_Yuruyus,71,E,34.5,148,91,93,0,39,0.96,Tedirgin,9,2,57,137.6,16:35,16.59
H025,2_Gun_Sabah_Dinlenme,71,E,34.5,133,82,73,0,13,0.17,Yorgun,3,0,51,97.1,09:11,9.18
H025,2_Gun_Sabah_Yuruyus,71,E,34.5,140,86,82,0,28,0.71,Yorgun,6,1,54,114.8,09:35,9.58
H025,2_Gun_Aksam_Dinlenme,71,E,34.5,136,84,77,0,13,0.26,Yorgun,3,0,52,104.7,15:57,15.96
H025,2_Gun_Aksam_Yuruyus,71,E,34.5,145,89,89,0,28,0.51,Gergin,6,1,56,129.0,16:25,16.41
H025,3_Gun_Sabah_Dinlenme,71,E,34.5,132,81,72,0,9,0.18,Sakin,2,0,51,95.0,10:20,10.34
H025,3_Gun_Sabah_Yuruyus,71,E,34.5,135,83,76,0,11,0.17,Yorgun,3,0,52,102.6,10:36,10.6
H025,3_Gun_Aksam_Dinlenme,71,E,34.5,135,83,76,0,12,0.32,Sakin,3,0,52,102.6,15:54,15.9
H025,3_Gun_Aksam_Yuruyus,71,E,34.5,138,85,79,0,21,0.69,Gergin,5,1,53,109.0,16:21,16.36
H026,0_Gun_Kabul,59,E,35.6,131,91,91,0,33,0.88,Gergin,8,2,40,119.2,14:45,14.75
H026,0_Gun_Aksam,59,E,35.6,127,88,86,0,29,0.6,Gergin,7,2,39,109.2,17:13,17.21
H026,1_Gun_Sabah_Dinlenme,59,E,35.6,124,86,82,0,23,0.4,Yorgun,5,1,38,101.7,10:24,10.4
H026,1_Gun_Sabah_Yuruyus,59,E,35.6,125,87,83,0,29,0.61,Endiseli,6,1,38,103.8,10:42,10.7
H026,1_Gun_Aksam_Dinlenme,59,E,35.6,122,85,80,0,30,0.61,Yorgun,6,1,37,97.6,15:10,15.17
H026,1_Gun_Aksam_Yuruyus,59,E,35.6,127,88,86,0,39,0.74,Gergin,8,2,39,109.2,15:38,15.63
H026,2_Gun_Sabah_Dinlenme,59,E,35.6,121,84,78,0,9,0.54,Yorgun,4,1,37,94.4,08:49,8.82
H026,2_Gun_Sabah_Yuruyus,59,E,35.6,124,86,82,0,34,0.67,Yorgun,6,1,38,101.7,09:16,9.26
H026,2_Gun_Aksam_Dinlenme,59,E,35.6,119,84,76,0,10,0.34,Yorgun,3,0,35,90.4,17:15,17.26
H026,2_Gun_Aksam_Yuruyus,59,E,35.6,130,90,90,0,32,0.64,Tedirgin,7,2,40,117.0,17:42,17.7
H026,3_Gun_Sabah_Dinlenme,59,E,35.6,115,81,71,0,5,0.2,Sakin,2,0,34,81.6,09:43,9.72
H026,3_Gun_Sabah_Yuruyus,59,E,35.6,122,85,80,0,25,0.6,Yorgun,6,1,37,97.6,10:11,10.18
H026,3_Gun_Aksam_Dinlenme,59,E,35.6,113,80,69,0,5,0.05,Yorgun,1,0,33,78.0,16:06,16.1
H026,3_Gun_Aksam_Yuruyus,59,E,35.6,120,84,78,0,14,0.52,Gergin,4,1,36,93.6,16:32,16.53
H027,0_Gun_Kabul,65,E,32.4,137,85,96,0,26,0.76,Gergin,7,2,52,131.5,15:25,15.41
H027,0_Gun_Aksam,65,E,32.4,127,79,84,0,20,0.43,Gergin,5,1,48,106.7,16:16,16.27
H027,1_Gun_Sabah_Dinlenme,65,E,32.4,128,79,84,0,19,0.76,Yorgun,5,1,49,107.5,11:09,11.15
H027,1_Gun_Sabah_Yuruyus,65,E,32.4,143,88,103,1,39,0.92,Gergin,9,2,55,147.3,11:42,11.7
H027,1_Gun_Aksam_Dinlenme,65,E,32.4,128,79,84,0,21,0.55,Yorgun,5,1,49,107.5,15:28,15.47
H027,1_Gun_Aksam_Yuruyus,65,E,32.4,137,85,96,0,39,0.91,Gergin,9,2,52,131.5,15:45,15.74
H027,2_Gun_Sabah_Dinlenme,65,E,32.4,125,78,81,0,21,0.17,Endiseli,4,1,47,101.2,09:00,9.0
H027,2_Gun_Sabah_Yuruyus,65,E,32.4,142,88,103,1,43,0.97,Gergin,9,2,54,146.3,09:15,9.26
H027,2_Gun_Aksam_Dinlenme,65,E,32.4,123,77,79,0,8,0.1,Sakin,3,0,46,97.2,15:14,15.23
H027,2_Gun_Aksam_Yuruyus,65,E,32.4,136,84,94,0,35,0.93,Gergin,8,2,52,127.8,15:42,15.7
H027,3_Gun_Sabah_Dinlenme,65,E,32.4,120,75,75,0,3,0.14,Yorgun,1,0,45,90.0,08:56,8.93
H027,3_Gun_Sabah_Yuruyus,65,E,32.4,131,82,89,0,25,0.57,Yorgun,5,1,49,116.6,09:17,9.28
H027,3_Gun_Aksam_Dinlenme,65,E,32.4,128,80,85,0,20,0.29,Gergin,4,1,48,108.8,17:02,17.03
H027,3_Gun_Aksam_Yuruyus,65,E,32.4,128,80,84,0,17,0.53,Gergin,5,1,48,107.5,17:17,17.29
H028,0_Gun_Kabul,68,K,26.8,136,90,89,0,25,0.55,Gergin,5,1,46,121.0,15:13,15.22
H028,0_Gun_Aksam,68,K,26.8,137,91,91,0,25,0.63,Yorgun,6,1,46,124.7,16:04,16.06
H028,1_Gun_Sabah_Dinlenme,68,K,26.8,140,93,95,0,27,0.73,Yorgun,6,1,47,133.0,09:03,9.05
H028,1_Gun_Sabah_Yuruyus,68,K,26.8,139,92,93,0,32,0.82,Gergin,7,2,47,129.3,09:32,9.53
H028,1_Gun_Aksam_Dinlenme,68,K,26.8,134,89,86,0,18,0.52,Yorgun,4,1,45,115.2,16:31,16.51
H028,1_Gun_Aksam_Yuruyus,68,K,26.8,141,93,96,0,37,0.94,Tedirgin,8,2,48,135.4,17:03,17.05
H028,2_Gun_Sabah_Dinlenme,68,K,26.8,135,90,88,0,26,0.6,Endiseli,6,1,45,118.8,10:35,10.59
H028,2_Gun_Sabah_Yuruyus,68,K,26.8,142,94,97,0,35,0.77,Gergin,8,2,48,137.7,11:06,11.11
H028,2_Gun_Aksam_Dinlenme,68,K,26.8,131,87,83,0,17,0.2,Gergin,4,1,44,108.7,15:41,15.68
H028,2_Gun_Aksam_Yuruyus,68,K,26.8,136,90,89,0,29,0.54,Tedirgin,7,2,46,121.0,15:59,15.99
H028,3_Gun_Sabah_Dinlenme,68,K,26.8,128,86,80,0,8,0.05,Yorgun,2,0,42,102.4,10:38,10.63
H028,3_Gun_Sabah_Yuruyus,68,K,26.8,131,87,83,0,13,0.53,Yorgun,4,1,44,108.7,11:09,11.15
H028,3_Gun_Aksam_Dinlenme,68,K,26.8,127,85,79,0,9,0.19,Sakin,2,0,42,100.3,17:23,17.38
H028,3_Gun_Aksam_Yuruyus,68,K,26.8,132,88,85,0,12,0.41,Endiseli,4,1,44,112.2,17:46,17.76
H029,0_Gun_Kabul,84,K,35.1,140,86,82,0,21,0.53,Yorgun,5,1,54,114.8,14:33,14.56
H029,0_Gun_Aksam,84,K,35.1,149,91,94,0,34,0.76,Tedirgin,8,2,58,140.1,17:03,17.05
H029,1_Gun_Sabah_Dinlenme,84,K,35.1,139,86,82,0,27,0.66,Yorgun,6,1,53,114.0,09:36,9.6
H029,1_Gun_Sabah_Yuruyus,84,K,35.1,147,90,91,0,38,0.84,Agrili,8,2,57,133.8,10:10,10.16
H029,1_Gun_Aksam_Dinlenme,84,K,35.1,134,82,75,0,21,0.43,Gergin,4,1,52,100.5,17:04,17.06
H029,1_Gun_Aksam_Yuruyus,84,K,35.1,144,88,88,0,35,0.81,Gergin,8,2,56,126.7,17:27,17.45
H029,2_Gun_Sabah_Dinlenme,84,K,35.1,134,82,75,0,18,0.15,Sakin,3,0,52,100.5,10:38,10.63
H029,2_Gun_Sabah_Yuruyus,84,K,35.1,140,86,83,0,38,0.7,Agrili,8,2,54,116.2,11:08,11.13
H029,2_Gun_Aksam_Dinlenme,84,K,35.1,139,85,81,0,22,0.45,Yorgun,5,1,54,112.6,15:15,15.25
H029,2_Gun_Aksam_Yuruyus,84,K,35.1,135,83,77,0,15,0.43,Gergin,4,1,52,104.0,15:48,15.8
H029,3_Gun_Sabah_Dinlenme,84,K,35.1,129,80,69,0,3,0.18,Sakin,2,0,49,89.0,10:01,10.01
H029,3_Gun_Sabah_Yuruyus,84,K,35.1,139,85,81,0,28,0.39,Endiseli,5,1,54,112.6,10:32,10.54
H029,3_Gun_Aksam_Dinlenme,84,K,35.1,131,81,72,0,4,0.27,Sakin,2,0,50,94.3,15:46,15.77
H029,3_Gun_Aksam_Yuruyus,84,K,35.1,136,84,78,0,17,0.45,Yorgun,4,1,52,106.1,16:19,16.32
H030,0_Gun_Kabul,78,K,24.7,125,82,81,0,26,0.64,Endiseli,5,1,43,101.2,14:35,14.58
H030,0_Gun_Aksam,78,K,24.7,130,85,88,0,24,0.59,Yorgun,6,1,45,114.4,15:31,15.52
H030,1_Gun_Sabah_Dinlenme,78,K,24.7,133,87,92,0,36,0.89,Tedirgin,7,2,46,122.4,11:01,11.01
H030,1_Gun_Sabah_Yuruyus,78,K,24.7,128,84,85,0,27,0.6,Gergin,6,1,44,108.8,11:18,11.29
H030,1_Gun_Aksam_Dinlenme,78,K,24.7,128,84,86,0,35,0.73,Tedirgin,8,2,44,110.1,15:46,15.77
H030,1_Gun_Aksam_Yuruyus,78,K,24.7,125,82,82,0,23,0.57,Yorgun,6,1,43,102.5,16:20,16.33
H030,2_Gun_Sabah_Dinlenme,78,K,24.7,131,86,90,0,29,0.55,Endiseli,6,1,45,117.9,11:08,11.13
H030,2_Gun_Sabah_Yuruyus,78,K,24.7,127,83,84,0,28,0.69,Agrili,7,2,44,106.7,11:34,11.57
H030,2_Gun_Aksam_Dinlenme,78,K,24.7,120,79,76,0,9,0.31,Yorgun,3,0,41,91.2,16:31,16.52
H030,2_Gun_Aksam_Yuruyus,78,K,24.7,128,84,86,0,30,0.86,Tedirgin,7,2,44,110.1,16:55,16.92
H030,3_Gun_Sabah_Dinlenme,78,K,24.7,120,79,75,0,12,0.26,Sakin,3,0,41,90.0,09:29,9.48
H030,3_Gun_Sabah_Yuruyus,78,K,24.7,126,83,83,0,23,0.37,Yorgun,5,1,43,104.6,09:51,9.84
H030,3_Gun_Aksam_Dinlenme,78,K,24.7,124,81,80,0,10,0.36,Endiseli,4,1,43,99.2,16:37,16.61
H030,3_Gun_Aksam_Yuruyus,78,K,24.7,131,86,89,0,27,0.69,Tedirgin,7,2,45,116.6,17:07,17.11
H031,0_Gun_Kabul,75,K,35.6,131,83,91,0,27,0.82,Yorgun,6,1,48,119.2,15:11,15.19
H031,0_Gun_Aksam,75,K,35.6,135,85,96,0,33,0.81,Agrili,8,2,50,129.6,17:05,17.08
H031,1_Gun_Sabah_Dinlenme,75,K,35.6,133,84,94,0,32,0.69,Agrili,7,2,49,125.0,08:59,8.98
H031,1_Gun_Sabah_Yuruyus,75,K,35.6,133,84,94,0,45,0.91,Gergin,9,2,49,125.0,09:24,9.39
H031,1_Gun_Aksam_Dinlenme,75,K,35.6,127,80,86,0,20,0.92,Yorgun,6,1,47,109.2,15:08,15.14
H031,1_Gun_Aksam_Yuruyus,75,K,35.6,135,85,96,0,45,0.75,Tedirgin,9,2,50,129.6,15:34,15.57
H031,2_Gun_Sabah_Dinlenme,75,K,35.6,128,81,88,0,21,0.46,Yorgun,5,1,47,112.6,09:51,9.85
H031,2_Gun_Sabah_Yuruyus,75,K,35.6,129,81,88,0,29,0.64,Agrili,7,2,48,113.5,10:24,10.4
H031,2_Gun_Aksam_Dinlenme,75,K,35.6,123,78,82,0,19,0.42,Endiseli,4,1,45,100.9,15:51,15.84
H031,2_Gun_Aksam_Yuruyus,75,K,35.6,123,78,81,0,22,0.55,Endiseli,5,1,45,99.6,16:08,16.13
H031,3_Gun_Sabah_Dinlenme,75,K,35.6,120,76,78,0,11,0.43,Sakin,3,0,44,93.6,09:06,9.11
H031,3_Gun_Sabah_Yuruyus,75,K,35.6,128,81,88,0,22,0.43,Yorgun,5,1,47,112.6,09:37,9.61
H031,3_Gun_Aksam_Dinlenme,75,K,35.6,119,76,77,0,15,0.45,Sakin,3,0,43,91.6,16:29,16.48
H031,3_Gun_Aksam_Yuruyus,75,K,35.6,129,81,89,0,26,0.55,Yorgun,6,1,48,114.8,16:46,16.77
H032,0_Gun_Kabul,68,K,33.0,134,91,91,0,31,0.74,Tedirgin,7,2,43,121.9,14:08,14.13
H032,0_Gun_Aksam,68,K,33.0,129,88,85,0,28,0.74,Endiseli,6,1,41,109.6,16:54,16.9
H032,1_Gun_Sabah_Dinlenme,68,K,33.0,125,86,80,0,14,0.46,Gergin,4,1,39,100.0,08:56,8.93
H032,1_Gun_Sabah_Yuruyus,68,K,33.0,141,95,99,0,42,0.91,Gergin,9,2,46,139.6,09:27,9.46
H032,1_Gun_Aksam_Dinlenme,68,K,33.0,129,88,84,0,18,0.55,Endiseli,5,1,41,108.4,16:42,16.69
H032,1_Gun_Aksam_Yuruyus,68,K,33.0,130,89,86,0,17,0.59,Yorgun,6,1,41,111.8,16:58,16.97
H032,2_Gun_Sabah_Dinlenme,68,K,33.0,124,85,78,0,19,0.55,Gergin,5,1,39,96.7,08:58,8.96
H032,2_Gun_Sabah_Yuruyus,68,K,33.0,134,91,91,0,32,0.85,Gergin,8,2,43,121.9,09:32,9.54
H032,2_Gun_Aksam_Dinlenme,68,K,33.0,126,86,81,0,24,0.57,Gergin,5,1,40,102.1,15:54,15.9
H032,2_Gun_Aksam_Yuruyus,68,K,33.0,125,86,80,0,25,0.58,Endiseli,6,1,39,100.0,16:16,16.27
H032,3_Gun_Sabah_Dinlenme,68,K,33.0,120,83,74,0,6,0.4,Yorgun,2,0,37,88.8,10:47,10.78
H032,3_Gun_Sabah_Yuruyus,68,K,33.0,129,88,85,0,21,0.53,Endiseli,5,1,41,109.6,11:21,11.35
H032,3_Gun_Aksam_Dinlenme,68,K,33.0,121,83,75,0,14,0.4,Yorgun,3,0,38,90.8,17:22,17.37
H032,3_Gun_Aksam_Yuruyus,68,K,33.0,124,85,78,0,22,0.66,Yorgun,5,1,39,96.7,17:52,17.87
H033,0_Gun_Kabul,55,E,35.5,134,93,90,0,27,0.62,Yorgun,6,1,41,120.6,14:34,14.56
H033,0_Gun_Aksam,55,E,35.5,133,92,88,0,26,0.56,Endiseli,6,1,41,117.0,15:40,15.67
H033,1_Gun_Sabah_Dinlenme,55,E,35.5,133,92,88,0,27,0.52,Endiseli,6,1,41,117.0,10:42,10.69
H033,1_Gun_Sabah_Yuruyus,55,E,35.5,140,96,98,0,39,0.79,Gergin,8,2,44,137.2,11:08,11.13
H033,1_Gun_Aksam_Dinlenme,55,E,35.5,137,94,93,0,34,0.65,Agrili,7,2,43,127.4,16:01,16.02
H033,1_Gun_Aksam_Yuruyus,55,E,35.5,131,91,87,0,33,0.7,Agrili,7,2,40,114.0,16:34,16.57
H033,2_Gun_Sabah_Dinlenme,55,E,35.5,125,87,79,0,9,0.45,Sakin,3,0,38,98.8,09:02,9.03
H033,2_Gun_Sabah_Yuruyus,55,E,35.5,134,92,89,0,29,0.72,Agrili,7,2,42,119.3,09:27,9.44
H033,2_Gun_Aksam_Dinlenme,55,E,35.5,126,88,80,0,14,0.29,Yorgun,3,0,38,100.8,15:02,15.03
H033,2_Gun_Aksam_Yuruyus,55,E,35.5,131,91,86,0,30,0.7,Tedirgin,7,2,40,112.7,15:26,15.43
H033,3_Gun_Sabah_Dinlenme,55,E,35.5,123,86,76,0,8,0.26,Sakin,2,0,37,93.5,08:53,8.89
H033,3_Gun_Sabah_Yuruyus,55,E,35.5,133,92,89,0,23,0.72,Gergin,6,1,41,118.4,09:11,9.18
H033,3_Gun_Aksam_Dinlenme,55,E,35.5,125,87,78,0,11,0.32,Sakin,3,0,38,97.5,15:17,15.28
H033,3_Gun_Aksam_Yuruyus,55,E,35.5,127,88,81,0,18,0.54,Endiseli,4,1,39,102.9,15:45,15.75
H034,0_Gun_Kabul,74,E,31.1,147,93,97,0,37,1.0,Gergin,8,2,54,142.6,15:07,15.12
H034,0_Gun_Aksam,74,E,31.1,146,92,96,0,29,0.7,Gergin,8,2,54,140.2,16:40,16.67
H034,1_Gun_Sabah_Dinlenme,74,E,31.1,138,87,85,0,22,0.57,Yorgun,5,1,51,117.3,11:09,11.16
H034,1_Gun_Sabah_Yuruyus,74,E,31.1,142,90,90,0,37,0.79,Tedirgin,7,2,52,127.8,11:32,11.53
H034,1_Gun_Aksam_Dinlenme,74,E,31.1,140,89,88,0,29,0.6,Tedirgin,7,2,51,123.2,15:41,15.69
H034,1_Gun_Aksam_Yuruyus,74,E,31.1,140,88,88,0,34,0.76,Tedirgin,7,2,52,123.2,16:14,16.23
H034,2_Gun_Sabah_Dinlenme,74,E,31.1,131,83,76,0,15,0.33,Sakin,3,0,48,99.6,09:19,9.31
H034,2_Gun_Sabah_Yuruyus,74,E,31.1,136,86,83,0,30,0.71,Yorgun,6,1,50,112.9,09:53,9.88
H034,2_Gun_Aksam_Dinlenme,74,E,31.1,139,88,86,0,22,0.54,Endiseli,6,1,51,119.5,15:02,15.03
H034,2_Gun_Aksam_Yuruyus,74,E,31.1,142,90,91,0,27,0.7,Agrili,7,2,52,129.2,15:36,15.6
H034,3_Gun_Sabah_Dinlenme,74,E,31.1,128,82,73,0,4,0.22,Sakin,2,0,46,93.4,08:51,8.86
H034,3_Gun_Sabah_Yuruyus,74,E,31.1,136,86,82,0,16,0.46,Yorgun,4,1,50,111.5,09:24,9.4
H034,3_Gun_Aksam_Dinlenme,74,E,31.1,134,85,80,0,19,0.35,Yorgun,4,1,49,107.2,16:16,16.27
H034,3_Gun_Aksam_Yuruyus,74,E,31.1,134,85,80,0,15,0.4,Endiseli,4,1,49,107.2,16:51,16.85
H035,0_Gun_Kabul,76,K,22.2,144,85,106,1,42,0.92,Tedirgin,9,2,59,152.6,14:07,14.11
H035,0_Gun_Aksam,76,K,22.2,146,86,108,1,38,1.0,Agrili,9,2,60,157.7,16:36,16.61
H035,1_Gun_Sabah_Dinlenme,76,K,22.2,133,79,93,0,23,0.37,Yorgun,5,1,54,123.7,11:10,11.17
H035,1_Gun_Sabah_Yuruyus,76,K,22.2,146,86,108,1,38,0.99,Agrili,9,2,60,157.7,11:36,11.6
H035,1_Gun_Aksam_Dinlenme,76,K,22.2,136,80,96,0,24,0.47,Yorgun,6,1,56,130.6,16:31,16.51
H035,1_Gun_Aksam_Yuruyus,76,K,22.2,142,84,103,1,43,0.81,Gergin,10,2,58,146.3,17:00,16.99
H035,2_Gun_Sabah_Dinlenme,76,K,22.2,132,78,91,0,24,0.5,Endiseli,6,1,54,120.1,09:53,9.89
H035,2_Gun_Sabah_Yuruyus,76,K,22.2,145,86,107,1,36,0.73,Agrili,9,2,59,155.2,10:21,10.35
H035,2_Gun_Aksam_Dinlenme,76,K,22.2,130,77,88,0,17,0.51,Yorgun,5,1,53,114.4,16:24,16.4
H035,2_Gun_Aksam_Yuruyus,76,K,22.2,140,83,101,1,40,0.74,Agrili,8,2,57,141.4,16:57,16.95
H035,3_Gun_Sabah_Dinlenme,76,K,22.2,126,75,84,0,10,0.31,Yorgun,2,0,51,105.8,08:52,8.86
H035,3_Gun_Sabah_Yuruyus,76,K,22.2,135,80,94,0,17,0.68,Gergin,5,1,55,126.9,09:12,9.21
H035,3_Gun_Aksam_Dinlenme,76,K,22.2,127,75,85,0,12,0.34,Sakin,3,0,52,108.0,17:17,17.28
H035,3_Gun_Aksam_Yuruyus,76,K,22.2,135,80,94,0,26,0.46,Gergin,5,1,55,126.9,17:50,17.83
H036,0_Gun_Kabul,64,E,30.7,137,90,90,0,27,0.53,Yorgun,6,1,47,123.3,14:41,14.68
H036,0_Gun_Aksam,64,E,30.7,139,92,93,0,19,0.63,Gergin,6,1,47,129.3,16:44,16.74
H036,1_Gun_Sabah_Dinlenme,64,E,30.7,137,90,91,0,34,0.72,Gergin,7,2,47,124.7,09:27,9.44
H036,1_Gun_Sabah_Yuruyus,64,E,30.7,140,92,95,0,35,0.92,Agrili,8,2,48,133.0,09:45,9.76
H036,1_Gun_Aksam_Dinlenme,64,E,30.7,132,88,85,0,29,0.32,Endiseli,6,1,44,112.2,16:07,16.11
H036,1_Gun_Aksam_Yuruyus,64,E,30.7,136,90,89,0,31,0.69,Gergin,7,2,46,121.0,16:29,16.48
H036,2_Gun_Sabah_Dinlenme,64,E,30.7,138,91,92,0,30,0.69,Gergin,6,1,47,127.0,10:13,10.21
H036,2_Gun_Sabah_Yuruyus,64,E,30.7,142,93,97,0,29,0.76,Tedirgin,7,2,49,137.7,10:29,10.49
H036,2_Gun_Aksam_Dinlenme,64,E,30.7,130,87,83,0,22,0.25,Endiseli,4,1,43,107.9,17:20,17.34
H036,2_Gun_Aksam_Yuruyus,64,E,30.7,138,91,92,0,21,0.59,Yorgun,6,1,47,127.0,17:55,17.92
H036,3_Gun_Sabah_Dinlenme,64,E,30.7,128,85,79,0,8,0.41,Yorgun,3,0,43,101.1,10:30,10.5
H036,3_Gun_Sabah_Yuruyus,64,E,30.7,138,91,92,0,24,0.6,Gergin,6,1,47,127.0,10:55,10.92
H036,3_Gun_Aksam_Dinlenme,64,E,30.7,133,88,85,0,21,0.51,Yorgun,4,1,45,113.0,15:45,15.74
H036,3_Gun_Aksam_Yuruyus,64,E,30.7,131,87,84,0,21,0.67,Yorgun,5,1,44,110.0,16:16,16.26
H037,0_Gun_Kabul,56,E,25.1,144,88,98,0,39,0.85,Agrili,8,2,56,141.1,15:02,15.03
H037,0_Gun_Aksam,56,E,25.1,139,85,91,0,30,0.47,Gergin,7,2,54,126.5,15:50,15.83
H037,1_Gun_Sabah_Dinlenme,56,E,25.1,132,81,83,0,25,0.65,Gergin,6,1,51,109.6,11:02,11.03
H037,1_Gun_Sabah_Yuruyus,56,E,25.1,142,87,96,0,42,0.81,Tedirgin,9,2,55,136.3,11:33,11.55
H037,1_Gun_Aksam_Dinlenme,56,E,25.1,139,84,91,0,24,0.84,Agrili,7,2,55,126.5,17:17,17.28
H037,1_Gun_Aksam_Yuruyus,56,E,25.1,142,87,95,0,32,0.69,Agrili,7,2,55,134.9,17:46,17.77
H037,2_Gun_Sabah_Dinlenme,56,E,25.1,132,81,83,0,24,0.49,Yorgun,5,1,51,109.6,10:17,10.28
H037,2_Gun_Sabah_Yuruyus,56,E,25.1,139,85,91,0,36,0.85,Gergin,8,2,54,126.5,10:40,10.67
H037,2_Gun_Aksam_Dinlenme,56,E,25.1,131,80,82,0,14,0.31,Endiseli,4,1,51,107.4,17:14,17.24
H037,2_Gun_Aksam_Yuruyus,56,E,25.1,135,83,87,0,27,0.68,Endiseli,6,1,52,117.4,17:47,17.78
H037,3_Gun_Sabah_Dinlenme,56,E,25.1,126,77,75,0,14,0.16,Sakin,2,0,49,94.5,08:52,8.86
H037,3_Gun_Sabah_Yuruyus,56,E,25.1,128,78,78,0,11,0.41,Sakin,3,0,50,99.8,09:07,9.12
H037,3_Gun_Aksam_Dinlenme,56,E,25.1,130,79,80,0,12,0.24,Yorgun,3,0,51,104.0,15:54,15.9
H037,3_Gun_Aksam_Yuruyus,56,E,25.1,129,79,79,0,19,0.36,Endiseli,4,1,50,101.9,16:25,16.42
H038,0_Gun_Kabul,56,E,23.8,134,83,86,0,33,0.84,Agrili,8,2,51,115.2,15:29,15.48
H038,0_Gun_Aksam,56,E,23.8,134,83,86,0,28,0.6,Tedirgin,7,2,51,115.2,15:48,15.8
H038,1_Gun_Sabah_Dinlenme,56,E,23.8,131,82,83,0,27,0.64,Tedirgin,7,2,49,108.7,10:14,10.24
H038,1_Gun_Sabah_Yuruyus,56,E,23.8,135,84,87,0,45,1.0,Agrili,9,2,51,117.4,10:37,10.61
H038,1_Gun_Aksam_Dinlenme,56,E,23.8,135,84,88,0,28,0.83,Tedirgin,7,2,51,118.8,17:20,17.33
H038,1_Gun_Aksam_Yuruyus,56,E,23.8,135,84,87,0,37,0.65,Tedirgin,8,2,51,117.4,17:52,17.86
H038,2_Gun_Sabah_Dinlenme,56,E,23.8,129,80,80,0,33,0.51,Endiseli,6,1,49,103.2,10:51,10.85
H038,2_Gun_Sabah_Yuruyus,56,E,23.8,132,82,83,0,36,0.78,Agrili,7,2,50,109.6,11:15,11.25
H038,2_Gun_Aksam_Dinlenme,56,E,23.8,127,79,77,0,17,0.58,Endiseli,5,1,48,97.8,16:00,16.0
H038,2_Gun_Aksam_Yuruyus,56,E,23.8,137,85,90,0,33,0.58,Agrili,7,2,52,123.3,16:20,16.34
H038,3_Gun_Sabah_Dinlenme,56,E,23.8,127,79,77,0,15,0.54,Endiseli,4,1,48,97.8,08:53,8.89
H038,3_Gun_Sabah_Yuruyus,56,E,23.8,129,80,80,0,21,0.33,Endiseli,5,1,49,103.2,09:26,9.43
H038,3_Gun_Aksam_Dinlenme,56,E,23.8,126,79,77,0,14,0.18,Yorgun,3,0,47,97.0,16:57,16.95
H038,3_Gun_Aksam_Yuruyus,56,E,23.8,127,79,77,0,23,0.5,Endiseli,5,1,48,97.8,17:32,17.53
H039,0_Gun_Kabul,74,K,26.0,137,82,92,0,29,0.71,Yorgun,6,1,55,126.0,15:30,15.49
H039,0_Gun_Aksam,74,K,26.0,140,84,97,0,38,0.81,Tedirgin,8,2,56,135.8,16:37,16.61
H039,1_Gun_Sabah_Dinlenme,74,K,26.0,135,81,91,0,25,0.71,Yorgun,6,1,54,122.8,10:40,10.67
H039,1_Gun_Sabah_Yuruyus,74,K,26.0,142,85,99,0,35,0.77,Gergin,8,2,57,140.6,11:14,11.24
H039,1_Gun_Aksam_Dinlenme,74,K,26.0,145,86,102,1,38,0.77,Tedirgin,8,2,59,147.9,17:02,17.04
H039,1_Gun_Aksam_Yuruyus,74,K,26.0,150,90,109,1,45,0.99,Tedirgin,10,2,60,163.5,17:22,17.37
H039,2_Gun_Sabah_Dinlenme,74,K,26.0,132,79,86,0,23,0.31,Gergin,4,1,53,113.5,09:53,9.88
H039,2_Gun_Sabah_Yuruyus,74,K,26.0,139,83,96,0,32,0.82,Tedirgin,7,2,56,133.4,10:10,10.17
H039,2_Gun_Aksam_Dinlenme,74,K,26.0,132,79,87,0,17,0.33,Gergin,4,1,53,114.8,17:17,17.29
H039,2_Gun_Aksam_Yuruyus,74,K,26.0,141,84,98,0,31,0.67,Gergin,7,2,57,138.2,17:45,17.74
H039,3_Gun_Sabah_Dinlenme,74,K,26.0,130,78,84,0,20,0.46,Endiseli,4,1,52,109.2,09:19,9.32
H039,3_Gun_Sabah_Yuruyus,74,K,26.0,139,83,95,0,32,0.34,Yorgun,6,1,56,132.0,09:48,9.8
H039,3_Gun_Aksam_Dinlenme,74,K,26.0,127,76,80,0,10,0.21,Sakin,2,0,51,101.6,16:29,16.48
H039,3_Gun_Aksam_Yuruyus,74,K,26.0,133,80,88,0,22,0.24,Endiseli,5,1,53,117.0,16:51,16.85
H040,0_Gun_Kabul,61,K,27.1,134,84,87,0,37,0.92,Gergin,8,2,50,116.6,14:10,14.17
H040,0_Gun_Aksam,61,K,27.1,136,85,90,0,35,0.87,Gergin,8,2,51,122.4,16:51,16.84
H040,1_Gun_Sabah_Dinlenme,61,K,27.1,131,82,83,0,24,0.41,Yorgun,5,1,49,108.7,10:03,10.05
H040,1_Gun_Sabah_Yuruyus,61,K,27.1,134,84,87,0,27,0.7,Endiseli,6,1,50,116.6,10:33,10.56
H040,1_Gun_Aksam_Dinlenme,61,K,27.1,131,83,84,0,29,0.57,Tedirgin,7,2,48,110.0,16:15,16.25
H040,1_Gun_Aksam_Yuruyus,61,K,27.1,130,82,82,0,24,0.6,Endiseli,6,1,48,106.6,16:47,16.78
H040,2_Gun_Sabah_Dinlenme,61,K,27.1,126,79,77,0,21,0.57,Yorgun,4,1,47,97.0,10:08,10.13
H040,2_Gun_Sabah_Yuruyus,61,K,27.1,133,84,86,0,31,0.56,Yorgun,6,1,49,114.4,10:34,10.57
H040,2_Gun_Aksam_Dinlenme,61,K,27.1,127,80,78,0,18,0.53,Gergin,4,1,47,99.1,17:06,17.1
H040,2_Gun_Aksam_Yuruyus,61,K,27.1,132,83,84,0,26,0.69,Endiseli,6,1,49,110.9,17:29,17.49
H040,3_Gun_Sabah_Dinlenme,61,K,27.1,126,79,77,0,20,0.39,Endiseli,4,1,47,97.0,09:05,9.09
H040,3_Gun_Sabah_Yuruyus,61,K,27.1,128,81,80,0,21,0.47,Endiseli,4,1,47,102.4,09:21,9.34
H040,3_Gun_Aksam_Dinlenme,61,K,27.1,125,79,76,0,17,0.29,Sakin,3,0,46,95.0,16:49,16.81
H040,3_Gun_Aksam_Yuruyus,61,K,27.1,125,79,76,0,12,0.49,Yorgun,3,0,46,95.0,17:16,17.27
H041,0_Gun_Kabul,76,E,29.8,142,83,90,0,29,0.66,Agrili,7,2,59,127.8,15:03,15.06
H041,0_Gun_Aksam,76,E,29.8,148,86,98,0,30,0.72,Tedirgin,7,2,62,145.0,15:56,15.93
H041,1_Gun_Sabah_Dinlenme,76,E,29.8,139,81,87,0,25,0.64,Yorgun,6,1,58,120.9,09:05,9.09
H041,1_Gun_Sabah_Yuruyus,76,E,29.8,144,84,93,0,33,0.84,Gergin,8,2,60,133.9,09:21,9.35
H041,1_Gun_Aksam_Dinlenme,76,E,29.8,146,85,96,0,27,0.55,Gergin,7,2,61,140.2,15:50,15.84
H041,1_Gun_Aksam_Yuruyus,76,E,29.8,141,82,89,0,27,0.67,Yorgun,6,1,59,125.5,16:17,16.29
H041,2_Gun_Sabah_Dinlenme,76,E,29.8,139,81,86,0,18,0.61,Yorgun,4,1,58,119.5,09:44,9.73
H041,2_Gun_Sabah_Yuruyus,76,E,29.8,142,83,91,0,20,0.68,Gergin,6,1,59,129.2,10:08,10.13
H041,2_Gun_Aksam_Dinlenme,76,E,29.8,137,80,84,0,24,0.48,Endiseli,5,1,57,115.1,17:10,17.17
H041,2_Gun_Aksam_Yuruyus,76,E,29.8,145,85,94,0,28,0.65,Yorgun,6,1,60,136.3,17:32,17.54
H041,3_Gun_Sabah_Dinlenme,76,E,29.8,134,79,81,0,15,0.34,Sakin,3,0,55,108.5,10:02,10.03
H041,3_Gun_Sabah_Yuruyus,76,E,29.8,139,81,87,0,20,0.59,Gergin,5,1,58,120.9,10:33,10.55
H041,3_Gun_Aksam_Dinlenme,76,E,29.8,134,78,80,0,12,0.15,Sakin,3,0,56,107.2,15:57,15.95
H041,3_Gun_Aksam_Yuruyus,76,E,29.8,142,83,91,0,23,0.59,Yorgun,6,1,59,129.2,16:25,16.41
H042,0_Gun_Kabul,73,E,32.6,146,94,95,0,27,0.9,Gergin,7,2,52,138.7,15:18,15.29
H042,0_Gun_Aksam,73,E,32.6,141,92,89,0,28,0.45,Endiseli,6,1,49,125.5,17:24,17.4
H042,1_Gun_Sabah_Dinlenme,73,E,32.6,139,90,87,0,22,0.63,Yorgun,5,1,49,120.9,09:07,9.12
H042,1_Gun_Sabah_Yuruyus,73,E,32.6,152,98,102,1,41,0.82,Tedirgin,10,2,54,155.0,09:41,9.68
H042,1_Gun_Aksam_Dinlenme,73,E,32.6,134,87,80,0,20,0.38,Yorgun,4,1,47,107.2,16:11,16.18
H042,1_Gun_Aksam_Yuruyus,73,E,32.6,152,98,102,1,45,1.0,Tedirgin,10,2,54,155.0,16:31,16.52
H042,2_Gun_Sabah_Dinlenme,73,E,32.6,143,93,91,0,25,0.64,Yorgun,6,1,50,130.1,09:54,9.9
H042,2_Gun_Sabah_Yuruyus,73,E,32.6,143,93,92,0,30,0.53,Yorgun,6,1,50,131.6,10:28,10.47
H042,2_Gun_Aksam_Dinlenme,73,E,32.6,135,88,81,0,29,0.35,Gergin,5,1,47,109.4,16:11,16.18
H042,2_Gun_Aksam_Yuruyus,73,E,32.6,136,89,83,0,30,0.49,Yorgun,6,1,47,112.9,16:33,16.54
H042,3_Gun_Sabah_Dinlenme,73,E,32.6,131,86,77,0,10,0.39,Sakin,3,0,45,100.9,10:20,10.33
H042,3_Gun_Sabah_Yuruyus,73,E,32.6,133,87,79,0,16,0.33,Yorgun,3,0,46,105.1,10:40,10.66
H042,3_Gun_Aksam_Dinlenme,73,E,32.6,131,86,77,0,17,0.36,Sakin,3,0,45,100.9,15:11,15.18
H042,3_Gun_Aksam_Yuruyus,73,E,32.6,134,87,80,0,20,0.39,Endiseli,4,1,47,107.2,15:29,15.48
H043,0_Gun_Kabul,68,K,31.9,138,86,100,0,42,0.94,Tedirgin,9,2,52,138.0,14:12,14.19
H043,0_Gun_Aksam,68,K,31.9,127,80,86,0,25,0.46,Yorgun,5,1,47,109.2,15:48,15.8
H043,1_Gun_Sabah_Dinlenme,68,K,31.9,122,76,79,0,23,0.34,Yorgun,4,1,46,96.4,09:06,9.1
H043,1_Gun_Sabah_Yuruyus,68,K,31.9,136,84,96,0,42,0.99,Tedirgin,9,2,52,130.6,09:34,9.56
H043,1_Gun_Aksam_Dinlenme,68,K,31.9,128,80,86,0,29,0.65,Gergin,6,1,48,110.1,15:26,15.44
H043,1_Gun_Aksam_Yuruyus,68,K,31.9,129,80,87,0,29,0.59,Endiseli,6,1,49,112.2,15:48,15.8
H043,2_Gun_Sabah_Dinlenme,68,K,31.9,128,80,87,0,23,0.5,Gergin,5,1,48,111.4,11:00,10.99
H043,2_Gun_Sabah_Yuruyus,68,K,31.9,131,81,90,0,36,0.85,Agrili,8,2,50,117.9,11:24,11.4
H043,2_Gun_Aksam_Dinlenme,68,K,31.9,123,77,80,0,22,0.46,Yorgun,5,1,46,98.4,16:36,16.6
H043,2_Gun_Aksam_Yuruyus,68,K,31.9,128,80,86,0,19,0.61,Yorgun,5,1,48,110.1,16:55,16.91
H043,3_Gun_Sabah_Dinlenme,68,K,31.9,124,78,82,0,21,0.27,Yorgun,4,1,46,101.7,09:14,9.23
H043,3_Gun_Sabah_Yuruyus,68,K,31.9,123,77,80,0,23,0.58,Yorgun,5,1,46,98.4,09:30,9.49
H043,3_Gun_Aksam_Dinlenme,68,K,31.9,125,78,83,0,17,0.34,Yorgun,4,1,47,103.8,15:24,15.41
H043,3_Gun_Aksam_Yuruyus,68,K,31.9,124,78,82,0,17,0.5,Endiseli,4,1,46,101.7,15:45,15.75
H044,0_Gun_Kabul,68,K,23.1,135,87,84,0,26,0.66,Tedirgin,7,2,48,113.4,14:16,14.27
H044,0_Gun_Aksam,68,K,23.1,141,90,91,0,34,0.88,Tedirgin,8,2,51,128.3,15:41,15.68
H044,1_Gun_Sabah_Dinlenme,68,K,23.1,130,84,77,0,24,0.43,Endiseli,5,1,46,100.1,09:03,9.05
H044,1_Gun_Sabah_Yuruyus,68,K,23.1,138,89,88,0,25,0.54,Yorgun,6,1,49,121.4,09:27,9.46
H044,1_Gun_Aksam_Dinlenme,68,K,23.1,138,89,87,0,30,0.77,Gergin,7,2,49,120.1,15:30,15.5
H044,1_Gun_Aksam_Yuruyus,68,K,23.1,138,89,87,0,35,0.9,Tedirgin,8,2,49,120.1,15:52,15.87
H044,2_Gun_Sabah_Dinlenme,68,K,23.1,137,88,86,0,26,0.62,Gergin,6,1,49,117.8,10:01,10.01
H044,2_Gun_Sabah_Yuruyus,68,K,23.1,139,89,88,0,32,0.74,Tedirgin,7,2,50,122.3,10:29,10.49
H044,2_Gun_Aksam_Dinlenme,68,K,23.1,128,83,75,0,22,0.41,Yorgun,4,1,45,96.0,15:06,15.09
H044,2_Gun_Aksam_Yuruyus,68,K,23.1,137,88,86,0,31,0.81,Agrili,7,2,49,117.8,15:37,15.61
H044,3_Gun_Sabah_Dinlenme,68,K,23.1,126,82,72,0,9,0.1,Sakin,2,0,44,90.7,10:19,10.32
H044,3_Gun_Sabah_Yuruyus,68,K,23.1,131,85,79,0,17,0.31,Yorgun,4,1,46,103.5,10:36,10.6
H044,3_Gun_Aksam_Dinlenme,68,K,23.1,130,84,78,0,18,0.58,Endiseli,4,1,46,101.4,17:06,17.1
H044,3_Gun_Aksam_Yuruyus,68,K,23.1,135,87,84,0,19,0.62,Yorgun,5,1,48,113.4,17:39,17.65
H045,0_Gun_Kabul,60,E,24.6,129,91,88,0,31,0.73,Gergin,6,1,38,113.5,14:05,14.09
H045,0_Gun_Aksam,60,E,24.6,125,89,84,0,35,0.69,Tedirgin,7,2,36,105.0,16:03,16.05
H045,1_Gun_Sabah_Dinlenme,60,E,24.6,123,87,80,0,24,0.64,Yorgun,5,1,36,98.4,10:46,10.77
H045,1_Gun_Sabah_Yuruyus,60,E,24.6,128,90,87,0,37,0.78,Gergin,8,2,38,111.4,11:16,11.26
H045,1_Gun_Aksam_Dinlenme,60,E,24.6,125,88,83,0,26,0.73,Gergin,5,1,37,103.8,15:27,15.44
H045,1_Gun_Aksam_Yuruyus,60,E,24.6,123,87,81,0,20,0.58,Endiseli,6,1,36,99.6,15:46,15.76
H045,2_Gun_Sabah_Dinlenme,60,E,24.6,118,84,74,0,15,0.31,Yorgun,3,0,34,87.3,09:41,9.68
H045,2_Gun_Sabah_Yuruyus,60,E,24.6,130,92,90,0,34,0.81,Agrili,8,2,38,117.0,10:05,10.09
H045,2_Gun_Aksam_Dinlenme,60,E,24.6,121,86,79,0,19,0.33,Gergin,4,1,35,95.6,16:29,16.48
H045,2_Gun_Aksam_Yuruyus,60,E,24.6,126,89,84,0,31,0.46,Tedirgin,7,2,37,105.8,16:51,16.86
H045,3_Gun_Sabah_Dinlenme,60,E,24.6,119,85,75,0,12,0.32,Sakin,3,0,34,89.2,09:54,9.91
H045,3_Gun_Sabah_Yuruyus,60,E,24.6,121,86,78,0,17,0.39,Endiseli,4,1,35,94.4,10:24,10.41
H045,3_Gun_Aksam_Dinlenme,60,E,24.6,114,82,69,0,3,0.0,Yorgun,1,0,32,78.7,15:05,15.09
H045,3_Gun_Aksam_Yuruyus,60,E,24.6,124,88,82,0,30,0.55,Yorgun,6,1,36,101.7,15:25,15.42
H046,0_Gun_Kabul,84,K,31.1,148,83,102,1,35,0.85,Agrili,8,2,65,151.0,15:04,15.07
H046,0_Gun_Aksam,84,K,31.1,142,79,94,0,31,0.58,Endiseli,6,1,63,133.5,17:17,17.29
H046,1_Gun_Sabah_Dinlenme,84,K,31.1,136,76,87,0,18,0.41,Yorgun,5,1,60,118.3,10:02,10.03
H046,1_Gun_Sabah_Yuruyus,84,K,31.1,141,78,93,0,23,0.73,Yorgun,6,1,63,131.1,10:27,10.46
H046,1_Gun_Aksam_Dinlenme,84,K,31.1,143,80,96,0,24,0.67,Gergin,7,2,63,137.3,15:15,15.26
H046,1_Gun_Aksam_Yuruyus,84,K,31.1,142,79,94,0,43,1.0,Agrili,9,2,63,133.5,15:39,15.66
H046,2_Gun_Sabah_Dinlenme,84,K,31.1,139,78,91,0,20,0.46,Gergin,5,1,61,126.5,10:05,10.08
H046,2_Gun_Sabah_Yuruyus,84,K,31.1,141,79,93,0,30,0.58,Tedirgin,7,2,62,131.1,10:25,10.41
H046,2_Gun_Aksam_Dinlenme,84,K,31.1,137,76,88,0,27,0.52,Yorgun,6,1,61,120.6,15:39,15.65
H046,2_Gun_Aksam_Yuruyus,84,K,31.1,143,80,95,0,23,0.7,Endiseli,6,1,63,135.8,16:01,16.02
H046,3_Gun_Sabah_Dinlenme,84,K,31.1,131,73,80,0,6,0.41,Yorgun,2,0,58,104.8,08:48,8.8
H046,3_Gun_Sabah_Yuruyus,84,K,31.1,136,76,87,0,20,0.48,Yorgun,5,1,60,118.3,09:09,9.16
H046,3_Gun_Aksam_Dinlenme,84,K,31.1,130,72,79,0,6,0.0,Yorgun,2,0,58,102.7,15:30,15.51
H046,3_Gun_Aksam_Yuruyus,84,K,31.1,137,76,88,0,23,0.44,Gergin,5,1,61,120.6,15:52,15.87
H047,0_Gun_Kabul,80,K,31.5,140,88,90,0,30,0.72,Tedirgin,7,2,52,126.0,14:11,14.18
H047,0_Gun_Aksam,80,K,31.5,146,91,98,0,36,0.93,Gergin,8,2,55,143.1,17:17,17.28
H047,1_Gun_Sabah_Dinlenme,80,K,31.5,139,87,89,0,33,0.71,Gergin,7,2,52,123.7,10:14,10.23
H047,1_Gun_Sabah_Yuruyus,80,K,31.5,134,84,83,0,26,0.53,Endiseli,6,1,50,111.2,10:43,10.71
H047,1_Gun_Aksam_Dinlenme,80,K,31.5,131,82,79,0,18,0.32,Gergin,4,1,49,103.5,16:54,16.89
H047,1_Gun_Aksam_Yuruyus,80,K,31.5,145,91,97,0,37,0.69,Tedirgin,8,2,54,140.6,17:19,17.31
H047,2_Gun_Sabah_Dinlenme,80,K,31.5,135,85,84,0,21,0.33,Yorgun,5,1,50,113.4,08:58,8.97
H047,2_Gun_Sabah_Yuruyus,80,K,31.5,136,86,86,0,25,0.59,Gergin,6,1,50,117.0,09:24,9.4
H047,2_Gun_Aksam_Dinlenme,80,K,31.5,130,82,78,0,10,0.33,Yorgun,3,0,48,101.4,16:25,16.41
H047,2_Gun_Aksam_Yuruyus,80,K,31.5,145,90,96,0,29,0.73,Gergin,8,2,55,139.2,16:54,16.91
H047,3_Gun_Sabah_Dinlenme,80,K,31.5,126,80,73,0,5,0.27,Sakin,2,0,46,92.0,09:50,9.83
H047,3_Gun_Sabah_Yuruyus,80,K,31.5,137,86,86,0,20,0.34,Endiseli,5,1,51,117.8,10:07,10.12
H047,3_Gun_Aksam_Dinlenme,80,K,31.5,131,82,79,0,11,0.43,Yorgun,3,0,49,103.5,15:41,15.68
H047,3_Gun_Aksam_Yuruyus,80,K,31.5,131,83,79,0,14,0.52,Sakin,3,0,48,103.5,16:03,16.05
H048,0_Gun_Kabul,80,E,27.0,132,85,96,0,33,0.69,Tedirgin,8,2,47,126.7,14:58,14.97
H048,0_Gun_Aksam,80,E,27.0,135,86,100,0,29,0.79,Gergin,7,2,49,135.0,16:38,16.64
H048,1_Gun_Sabah_Dinlenme,80,E,27.0,126,81,89,0,23,0.49,Yorgun,5,1,45,112.1,09:38,9.64
H048,1_Gun_Sabah_Yuruyus,80,E,27.0,138,88,104,1,40,0.8,Gergin,8,2,50,143.5,10:13,10.22
H048,1_Gun_Aksam_Dinlenme,80,E,27.0,127,82,91,0,24,0.55,Gergin,6,1,45,115.6,16:27,16.45
H048,1_Gun_Aksam_Yuruyus,80,E,27.0,128,83,92,0,31,0.52,Tedirgin,7,2,45,117.8,16:47,16.78
H048,2_Gun_Sabah_Dinlenme,80,E,27.0,125,81,87,0,27,0.56,Yorgun,5,1,44,108.8,09:00,9.0
H048,2_Gun_Sabah_Yuruyus,80,E,27.0,135,86,100,0,32,0.76,Gergin,7,2,49,135.0,09:18,9.31
H048,2_Gun_Aksam_Dinlenme,80,E,27.0,124,80,86,0,21,0.5,Yorgun,5,1,44,106.6,15:35,15.59
H048,2_Gun_Aksam_Yuruyus,80,E,27.0,134,86,99,0,32,0.69,Tedirgin,7,2,48,132.7,15:54,15.89
H048,3_Gun_Sabah_Dinlenme,80,E,27.0,121,78,82,0,14,0.25,Yorgun,3,0,43,99.2,09:13,9.22
H048,3_Gun_Sabah_Yuruyus,80,E,27.0,124,80,86,0,12,0.44,Yorgun,4,1,44,106.6,09:34,9.56
H048,3_Gun_Aksam_Dinlenme,80,E,27.0,123,80,85,0,17,0.35,Yorgun,3,0,43,104.6,15:25,15.42
H048,3_Gun_Aksam_Yuruyus,80,E,27.0,128,82,92,0,24,0.66,Yorgun,6,1,46,117.8,15:58,15.97
H049,0_Gun_Kabul,76,E,29.0,128,83,93,0,35,0.71,Gergin,8,2,45,119.0,14:07,14.12
H049,0_Gun_Aksam,76,E,29.0,130,84,95,0,32,0.51,Gergin,7,2,46,123.5,16:33,16.55
H049,1_Gun_Sabah_Dinlenme,76,E,29.0,121,79,84,0,23,0.43,Yorgun,5,1,42,101.6,09:47,9.78
H049,1_Gun_Sabah_Yuruyus,76,E,29.0,125,81,89,0,33,0.83,Tedirgin,8,2,44,111.2,10:21,10.35
H049,1_Gun_Aksam_Dinlenme,76,E,29.0,117,77,79,0,16,0.34,Gergin,4,1,40,92.4,15:16,15.27
H049,1_Gun_Aksam_Yuruyus,76,E,29.0,133,86,99,0,34,0.73,Tedirgin,8,2,47,131.7,15:39,15.65
H049,2_Gun_Sabah_Dinlenme,76,E,29.0,123,81,87,0,21,0.69,Endiseli,6,1,42,107.0,11:10,11.17
H049,2_Gun_Sabah_Yuruyus,76,E,29.0,123,80,87,0,19,0.41,Gergin,5,1,43,107.0,11:43,11.71
H049,2_Gun_Aksam_Dinlenme,76,E,29.0,122,80,85,0,29,0.62,Endiseli,5,1,42,103.7,16:58,16.96
H049,2_Gun_Aksam_Yuruyus,76,E,29.0,127,83,91,0,31,0.67,Gergin,7,2,44,115.6,17:18,17.3
H049,3_Gun_Sabah_Dinlenme,76,E,29.0,116,76,77,0,10,0.26,Sakin,3,0,40,89.3,09:11,9.18
H049,3_Gun_Sabah_Yuruyus,76,E,29.0,114,75,75,0,11,0.22,Yorgun,2,0,39,85.5,09:39,9.65
H049,3_Gun_Aksam_Dinlenme,76,E,29.0,112,74,72,0,7,0.12,Yorgun,1,0,38,80.6,17:14,17.23
H049,3_Gun_Aksam_Yuruyus,76,E,29.0,123,80,87,0,23,0.6,Yorgun,6,1,43,107.0,17:40,17.67
H050,0_Gun_Kabul,64,K,26.7,146,92,90,0,41,0.64,Gergin,8,2,54,131.4,14:51,14.86
H050,0_Gun_Aksam,64,K,26.7,140,88,82,0,19,0.53,Gergin,5,1,52,114.8,16:04,16.06
H050,1_Gun_Sabah_Dinlenme,64,K,26.7,144,91,87,0,27,0.63,Agrili,7,2,53,125.3,10:40,10.67
H050,1_Gun_Sabah_Yuruyus,64,K,26.7,141,89,83,0,29,0.71,Gergin,6,1,52,117.0,10:59,10.99
H050,1_Gun_Aksam_Dinlenme,64,K,26.7,144,91,87,0,32,0.58,Tedirgin,7,2,53,125.3,15:47,15.78
H050,1_Gun_Aksam_Yuruyus,64,K,26.7,152,95,97,0,35,0.73,Agrili,8,2,57,147.4,16:10,16.17
H050,2_Gun_Sabah_Dinlenme,64,K,26.7,139,87,80,0,26,0.43,Yorgun,5,1,52,111.2,10:01,10.02
H050,2_Gun_Sabah_Yuruyus,64,K,26.7,145,91,88,0,27,0.89,Gergin,7,2,54,127.6,10:21,10.35
H050,2_Gun_Aksam_Dinlenme,64,K,26.7,138,87,80,0,17,0.37,Endiseli,4,1,51,110.4,15:17,15.28
H050,2_Gun_Aksam_Yuruyus,64,K,26.7,143,90,86,0,24,0.55,Yorgun,6,1,53,123.0,15:44,15.73
H050,3_Gun_Sabah_Dinlenme,64,K,26.7,136,86,77,0,11,0.28,Yorgun,3,0,50,104.7,09:28,9.47
H050,3_Gun_Sabah_Yuruyus,64,K,26.7,137,86,78,0,17,0.18,Sakin,3,0,51,106.9,09:55,9.92
H050,3_Gun_Aksam_Dinlenme,64,K,26.7,137,86,78,0,10,0.29,Yorgun,3,0,51,106.9,15:22,15.37
H050,3_Gun_Aksam_Yuruyus,64,K,26.7,135,85,75,0,17,0.37,Yorgun,3,0,50,101.2,15:47,15.78
H051,0_Gun_Kabul,64,K,32.4,137,84,92,0,31,0.95,Gergin,8,2,53,126.0,14:48,14.8
H051,0_Gun_Aksam,64,K,32.4,132,81,86,0,26,0.57,Gergin,6,1,51,113.5,15:36,15.6
H051,1_Gun_Sabah_Dinlenme,64,K,32.4,131,80,84,0,14,0.42,Gergin,4,1,51,110.0,09:35,9.59
H051,1_Gun_Sabah_Yuruyus,64,K,32.4,140,85,95,0,37,0.92,Tedirgin,8,2,55,133.0,09:53,9.89
H051,1_Gun_Aksam_Dinlenme,64,K,32.4,134,82,88,0,17,0.6,Yorgun,5,1,52,117.9,15:09,15.15
H051,1_Gun_Aksam_Yuruyus,64,K,32.4,145,88,102,1,41,0.77,Tedirgin,9,2,57,147.9,15:44,15.73
H051,2_Gun_Sabah_Dinlenme,64,K,32.4,132,81,86,0,23,0.63,Endiseli,5,1,51,113.5,09:33,9.56
H051,2_Gun_Sabah_Yuruyus,64,K,32.4,134,82,88,0,28,0.48,Endiseli,6,1,52,117.9,10:05,10.08
H051,2_Gun_Aksam_Dinlenme,64,K,32.4,133,81,87,0,22,0.51,Gergin,5,1,52,115.7,15:37,15.61
H051,2_Gun_Aksam_Yuruyus,64,K,32.4,139,85,95,0,33,0.82,Agrili,8,2,54,132.0,16:05,16.09
H051,3_Gun_Sabah_Dinlenme,64,K,32.4,126,77,78,0,10,0.22,Yorgun,2,0,49,98.3,10:39,10.65
H051,3_Gun_Sabah_Yuruyus,64,K,32.4,128,78,80,0,13,0.28,Yorgun,3,0,50,102.4,11:06,11.1
H051,3_Gun_Aksam_Dinlenme,64,K,32.4,133,81,86,0,18,0.49,Yorgun,4,1,52,114.4,16:08,16.13
H051,3_Gun_Aksam_Yuruyus,64,K,32.4,134,82,88,0,18,0.46,Gergin,5,1,52,117.9,16:31,16.52
H052,0_Gun_Kabul,77,K,24.2,141,88,106,1,44,0.87,Gergin,9,2,53,149.5,14:31,14.52
H052,0_Gun_Aksam,77,K,24.2,133,83,95,0,30,0.55,Yorgun,6,1,50,126.4,17:22,17.36
H052,1_Gun_Sabah_Dinlenme,77,K,24.2,133,83,95,0,29,0.67,Yorgun,6,1,50,126.4,10:50,10.83
H052,1_Gun_Sabah_Yuruyus,77,K,24.2,139,87,103,1,31,0.69,Agrili,7,2,52,143.2,11:24,11.4
H052,1_Gun_Aksam_Dinlenme,77,K,24.2,134,84,97,0,37,0.67,Agrili,7,2,50,130.0,15:18,15.3
H052,1_Gun_Aksam_Yuruyus,77,K,24.2,141,88,106,1,37,0.88,Tedirgin,9,2,53,149.5,15:48,15.79
H052,2_Gun_Sabah_Dinlenme,77,K,24.2,127,80,88,0,21,0.66,Endiseli,4,1,47,111.8,11:06,11.1
H052,2_Gun_Sabah_Yuruyus,77,K,24.2,137,86,100,0,21,0.64,Yorgun,6,1,51,137.0,11:24,11.41
H052,2_Gun_Aksam_Dinlenme,77,K,24.2,130,82,91,0,14,0.34,Gergin,4,1,48,118.3,15:10,15.16
H052,2_Gun_Aksam_Yuruyus,77,K,24.2,136,85,99,0,33,0.59,Gergin,7,2,51,134.6,15:39,15.66
H052,3_Gun_Sabah_Dinlenme,77,K,24.2,128,81,89,0,18,0.29,Sakin,3,0,47,113.9,10:11,10.19
H052,3_Gun_Sabah_Yuruyus,77,K,24.2,138,86,102,1,35,0.56,Agrili,7,2,52,140.8,10:43,10.72
H052,3_Gun_Aksam_Dinlenme,77,K,24.2,125,79,85,0,6,0.04,Sakin,2,0,46,106.2,15:20,15.34
H052,3_Gun_Aksam_Yuruyus,77,K,24.2,132,83,94,0,22,0.51,Gergin,5,1,49,124.1,15:51,15.85
H053,0_Gun_Kabul,76,K,23.2,138,91,86,0,35,0.83,Agrili,8,2,47,118.7,14:18,14.3
H053,0_Gun_Aksam,76,K,23.2,143,94,92,0,38,1.0,Tedirgin,9,2,49,131.6,15:50,15.83
H053,1_Gun_Sabah_Dinlenme,76,K,23.2,139,92,87,0,36,0.6,Tedirgin,7,2,47,120.9,09:10,9.16
H053,1_Gun_Sabah_Yuruyus,76,K,23.2,137,91,84,0,31,0.79,Gergin,6,1,46,115.1,09:41,9.68
H053,1_Gun_Aksam_Dinlenme,76,K,23.2,134,89,81,0,23,0.64,Endiseli,6,1,45,108.5,16:36,16.6
H053,1_Gun_Aksam_Yuruyus,76,K,23.2,139,92,87,0,35,0.72,Tedirgin,8,2,47,120.9,17:01,17.02
H053,2_Gun_Sabah_Dinlenme,76,K,23.2,129,86,75,0,14,0.34,Yorgun,3,0,43,96.8,09:39,9.65
H053,2_Gun_Sabah_Yuruyus,76,K,23.2,132,88,79,0,25,0.51,Gergin,5,1,44,104.3,10:11,10.19
H053,2_Gun_Aksam_Dinlenme,76,K,23.2,130,87,76,0,21,0.47,Endiseli,4,1,43,98.8,15:57,15.94
H053,2_Gun_Aksam_Yuruyus,76,K,23.2,134,89,80,0,19,0.52,Gergin,5,1,45,107.2,16:28,16.46
H053,3_Gun_Sabah_Dinlenme,76,K,23.2,131,87,77,0,14,0.0,Sakin,3,0,44,100.9,09:51,9.85
H053,3_Gun_Sabah_Yuruyus,76,K,23.2,140,93,88,0,28,0.57,Endiseli,6,1,47,123.2,10:13,10.22
H053,3_Gun_Aksam_Dinlenme,76,K,23.2,131,88,78,0,11,0.24,Sakin,3,0,43,102.2,16:07,16.11
H053,3_Gun_Aksam_Yuruyus,76,K,23.2,132,88,79,0,21,0.47,Endiseli,5,1,44,104.3,16:28,16.46
H054,0_Gun_Kabul,72,K,25.5,126,90,95,0,21,0.82,Yorgun,6,1,36,119.7,15:07,15.12
H054,0_Gun_Aksam,72,K,25.5,126,90,95,0,35,0.81,Tedirgin,8,2,36,119.7,16:30,16.51
H054,1_Gun_Sabah_Dinlenme,72,K,25.5,123,89,92,0,27,0.67,Endiseli,6,1,34,113.2,09:20,9.33
H054,1_Gun_Sabah_Yuruyus,72,K,25.5,128,92,98,0,37,0.88,Gergin,8,2,36,125.4,09:53,9.88
H054,1_Gun_Aksam_Dinlenme,72,K,25.5,120,87,87,0,20,0.56,Yorgun,5,1,33,104.4,15:55,15.92
H054,1_Gun_Aksam_Yuruyus,72,K,25.5,128,91,98,0,33,0.56,Gergin,7,2,37,125.4,16:21,16.35
H054,2_Gun_Sabah_Dinlenme,72,K,25.5,119,86,87,0,10,0.38,Gergin,4,1,33,103.5,11:01,11.02
H054,2_Gun_Sabah_Yuruyus,72,K,25.5,123,88,91,0,31,0.61,Gergin,7,2,35,111.9,11:28,11.47
H054,2_Gun_Aksam_Dinlenme,72,K,25.5,122,88,90,0,23,0.38,Endiseli,5,1,34,109.8,15:17,15.28
H054,2_Gun_Aksam_Yuruyus,72,K,25.5,125,89,93,0,20,0.4,Yorgun,6,1,36,116.2,15:51,15.84
H054,3_Gun_Sabah_Dinlenme,72,K,25.5,117,85,84,0,18,0.31,Endiseli,4,1,32,98.3,10:19,10.32
H054,3_Gun_Sabah_Yuruyus,72,K,25.5,117,85,84,0,16,0.17,Sakin,3,0,32,98.3,10:41,10.68
H054,3_Gun_Aksam_Dinlenme,72,K,25.5,115,83,81,0,8,0.02,Yorgun,2,0,32,93.2,15:20,15.33
H054,3_Gun_Aksam_Yuruyus,72,K,25.5,115,84,81,0,13,0.35,Sakin,3,0,31,93.2,15:51,15.85
H055,0_Gun_Kabul,78,K,28.3,135,82,90,0,24,0.74,Gergin,5,1,53,121.5,14:56,14.93
H055,0_Gun_Aksam,78,K,28.3,141,85,96,0,37,0.6,Gergin,7,2,56,135.4,16:34,16.57
H055,1_Gun_Sabah_Dinlenme,78,K,28.3,142,86,99,0,33,0.6,Gergin,7,2,56,140.6,10:59,10.98
H055,1_Gun_Sabah_Yuruyus,78,K,28.3,145,87,101,1,42,1.0,Agrili,9,2,58,146.4,11:30,11.5
H055,1_Gun_Aksam_Dinlenme,78,K,28.3,130,79,84,0,16,0.52,Yorgun,4,1,51,109.2,15:22,15.36
H055,1_Gun_Aksam_Yuruyus,78,K,28.3,138,83,94,0,41,0.95,Gergin,9,2,55,129.7,15:43,15.72
H055,2_Gun_Sabah_Dinlenme,78,K,28.3,131,79,84,0,18,0.38,Gergin,4,1,52,110.0,09:22,9.37
H055,2_Gun_Sabah_Yuruyus,78,K,28.3,133,80,87,0,31,0.53,Endiseli,6,1,53,115.7,09:52,9.87
H055,2_Gun_Aksam_Dinlenme,78,K,28.3,132,79,85,0,17,0.36,Yorgun,4,1,53,112.2,15:05,15.08
H055,2_Gun_Aksam_Yuruyus,78,K,28.3,136,82,91,0,22,0.76,Yorgun,6,1,54,123.8,15:31,15.52
H055,3_Gun_Sabah_Dinlenme,78,K,28.3,128,77,80,0,11,0.34,Yorgun,3,0,51,102.4,10:39,10.66
H055,3_Gun_Sabah_Yuruyus,78,K,28.3,134,81,88,0,24,0.59,Endiseli,5,1,53,117.9,11:12,11.2
H055,3_Gun_Aksam_Dinlenme,78,K,28.3,128,78,81,0,15,0.27,Sakin,3,0,50,103.7,15:49,15.82
H055,3_Gun_Aksam_Yuruyus,78,K,28.3,130,79,83,0,17,0.39,Gergin,4,1,51,107.9,16:21,16.34
H056,0_Gun_Kabul,79,K,23.5,142,96,93,0,37,1.0,Gergin,9,2,46,132.1,14:10,14.17
H056,0_Gun_Aksam,79,K,23.5,137,93,87,0,27,0.74,Yorgun,6,1,44,119.2,17:12,17.19
H056,1_Gun_Sabah_Dinlenme,79,K,23.5,140,94,91,0,37,0.94,Tedirgin,8,2,46,127.4,09:04,9.07
H056,1_Gun_Sabah_Yuruyus,79,K,23.5,134,91,83,0,29,0.64,Tedirgin,7,2,43,111.2,09:27,9.45
H056,1_Gun_Aksam_Dinlenme,79,K,23.5,131,89,80,0,27,0.66,Gergin,5,1,42,104.8,16:55,16.91
H056,1_Gun_Aksam_Yuruyus,79,K,23.5,133,90,82,0,31,0.56,Gergin,7,2,43,109.1,17:13,17.21
H056,2_Gun_Sabah_Dinlenme,79,K,23.5,131,89,79,0,21,0.45,Endiseli,4,1,42,103.5,09:19,9.32
H056,2_Gun_Sabah_Yuruyus,79,K,23.5,137,93,87,0,34,0.88,Gergin,7,2,44,119.2,09:49,9.81
H056,2_Gun_Aksam_Dinlenme,79,K,23.5,133,90,82,0,19,0.62,Yorgun,5,1,43,109.1,16:44,16.73
H056,2_Gun_Aksam_Yuruyus,79,K,23.5,133,90,82,0,30,0.44,Tedirgin,7,2,43,109.1,17:12,17.19
H056,3_Gun_Sabah_Dinlenme,79,K,23.5,125,86,72,0,6,0.34,Yorgun,2,0,39,90.0,10:29,10.48
H056,3_Gun_Sabah_Yuruyus,79,K,23.5,127,87,75,0,13,0.27,Yorgun,4,1,40,95.2,10:55,10.92
H056,3_Gun_Aksam_Dinlenme,79,K,23.5,130,89,79,0,17,0.44,Yorgun,4,1,41,102.7,15:36,15.6
H056,3_Gun_Aksam_Yuruyus,79,K,23.5,129,88,77,0,22,0.46,Endiseli,4,1,41,99.3,15:58,15.97
H057,0_Gun_Kabul,57,K,28.8,145,83,88,0,32,0.79,Gergin,7,2,62,127.6,14:16,14.27
H057,0_Gun_Aksam,57,K,28.8,145,83,88,0,22,0.52,Yorgun,6,1,62,127.6,17:19,17.32
H057,1_Gun_Sabah_Dinlenme,57,K,28.8,137,78,77,0,16,0.62,Yorgun,4,1,59,105.5,10:13,10.21
H057,1_Gun_Sabah_Yuruyus,57,K,28.8,154,88,98,0,38,0.96,Gergin,9,2,66,150.9,10:36,10.59
H057,1_Gun_Aksam_Dinlenme,57,K,28.8,148,85,91,0,30,0.64,Gergin,7,2,63,134.7,16:07,16.11
H057,1_Gun_Aksam_Yuruyus,57,K,28.8,144,83,86,0,38,0.68,Gergin,8,2,61,123.8,16:40,16.67
H057,2_Gun_Sabah_Dinlenme,57,K,28.8,143,82,84,0,27,0.51,Gergin,6,1,61,120.1,09:08,9.13
H057,2_Gun_Sabah_Yuruyus,57,K,28.8,149,85,92,0,33,0.69,Gergin,7,2,64,137.1,09:35,9.58
H057,2_Gun_Aksam_Dinlenme,57,K,28.8,136,78,76,0,14,0.27,Sakin,3,0,58,103.4,16:13,16.21
H057,2_Gun_Aksam_Yuruyus,57,K,28.8,142,81,83,0,30,0.9,Agrili,7,2,61,117.9,16:40,16.67
H057,3_Gun_Sabah_Dinlenme,57,K,28.8,137,78,77,0,18,0.55,Yorgun,4,1,59,105.5,08:48,8.8
H057,3_Gun_Sabah_Yuruyus,57,K,28.8,137,79,77,0,22,0.41,Endiseli,4,1,58,105.5,09:20,9.34
H057,3_Gun_Aksam_Dinlenme,57,K,28.8,139,80,80,0,21,0.48,Yorgun,4,1,59,111.2,17:14,17.24
H057,3_Gun_Aksam_Yuruyus,57,K,28.8,141,81,82,0,19,0.4,Yorgun,5,1,60,115.6,17:41,17.68
H058,0_Gun_Kabul,69,E,32.9,136,89,101,1,38,0.76,Tedirgin,8,2,47,137.4,15:03,15.04
H058,0_Gun_Aksam,69,E,32.9,133,87,97,0,32,0.56,Tedirgin,7,2,46,129.0,17:21,17.34
H058,1_Gun_Sabah_Dinlenme,69,E,32.9,124,82,86,0,22,0.65,Gergin,5,1,42,106.6,10:31,10.52
H058,1_Gun_Sabah_Yuruyus,69,E,32.9,127,84,90,0,32,0.67,Gergin,7,2,43,114.3,10:49,10.82
H058,1_Gun_Aksam_Dinlenme,69,E,32.9,127,84,89,0,30,0.58,Endiseli,6,1,43,113.0,16:23,16.38
H058,1_Gun_Aksam_Yuruyus,69,E,32.9,132,87,96,0,45,1.0,Agrili,10,2,45,126.7,16:50,16.84
H058,2_Gun_Sabah_Dinlenme,69,E,32.9,127,84,90,0,24,0.49,Endiseli,5,1,43,114.3,09:49,9.81
H058,2_Gun_Sabah_Yuruyus,69,E,32.9,124,82,86,0,20,0.51,Endiseli,5,1,42,106.6,10:18,10.31
H058,2_Gun_Aksam_Dinlenme,69,E,32.9,121,80,82,0,10,0.37,Yorgun,3,0,41,99.2,17:15,17.24
H058,2_Gun_Aksam_Yuruyus,69,E,32.9,128,85,91,0,35,0.52,Agrili,7,2,43,116.5,17:48,17.8
H058,3_Gun_Sabah_Dinlenme,69,E,32.9,121,80,82,0,15,0.19,Sakin,3,0,41,99.2,09:53,9.88
H058,3_Gun_Sabah_Yuruyus,69,E,32.9,122,81,83,0,20,0.5,Gergin,4,1,41,101.3,10:10,10.16
H058,3_Gun_Aksam_Dinlenme,69,E,32.9,121,80,82,0,12,0.42,Sakin,3,0,41,99.2,17:22,17.36
H058,3_Gun_Aksam_Yuruyus,69,E,32.9,127,84,90,0,29,0.52,Gergin,6,1,43,114.3,17:54,17.89
H059,0_Gun_Kabul,58,E,35.7,132,89,84,0,27,0.57,Agrili,7,2,43,110.9,14:11,14.19
H059,0_Gun_Aksam,58,E,35.7,134,90,87,0,32,0.73,Gergin,8,2,44,116.6,17:21,17.34
H059,1_Gun_Sabah_Dinlenme,58,E,35.7,130,87,81,0,20,0.49,Yorgun,5,1,43,105.3,10:55,10.92
H059,1_Gun_Sabah_Yuruyus,58,E,35.7,139,93,93,0,31,0.76,Agrili,7,2,46,129.3,11:21,11.35
H059,1_Gun_Aksam_Dinlenme,58,E,35.7,134,90,86,0,26,0.43,Gergin,5,1,44,115.2,16:25,16.42
H059,1_Gun_Aksam_Yuruyus,58,E,35.7,139,93,93,0,43,1.0,Gergin,10,2,46,129.3,16:48,16.8
H059,2_Gun_Sabah_Dinlenme,58,E,35.7,130,88,82,0,27,0.42,Yorgun,5,1,42,106.6,08:53,8.89
H059,2_Gun_Sabah_Yuruyus,58,E,35.7,129,87,80,0,27,0.48,Gergin,5,1,42,103.2,09:15,9.25
H059,2_Gun_Aksam_Dinlenme,58,E,35.7,130,88,82,0,27,0.82,Yorgun,6,1,42,106.6,16:56,16.93
H059,2_Gun_Aksam_Yuruyus,58,E,35.7,142,94,96,0,41,0.77,Tedirgin,9,2,48,136.3,17:11,17.18
H059,3_Gun_Sabah_Dinlenme,58,E,35.7,124,84,74,0,10,0.33,Sakin,2,0,40,91.8,09:35,9.58
H059,3_Gun_Sabah_Yuruyus,58,E,35.7,132,89,84,0,21,0.42,Yorgun,5,1,43,110.9,09:58,9.97
H059,3_Gun_Aksam_Dinlenme,58,E,35.7,125,85,76,0,6,0.11,Sakin,2,0,40,95.0,16:17,16.29
H059,3_Gun_Aksam_Yuruyus,58,E,35.7,136,91,90,0,28,0.45,Endiseli,6,1,45,122.4,16:51,16.85
H060,0_Gun_Kabul,56,E,23.7,132,86,100,0,30,0.7,Gergin,7,2,46,132.0,14:31,14.52
H060,0_Gun_Aksam,56,E,23.7,139,90,108,1,42,0.94,Gergin,9,2,49,150.1,16:12,16.19
H060,1_Gun_Sabah_Dinlenme,56,E,23.7,132,86,100,0,39,0.66,Agrili,8,2,46,132.0,10:36,10.59
H060,1_Gun_Sabah_Yuruyus,56,E,23.7,133,86,100,0,26,0.74,Tedirgin,7,2,47,133.0,11:00,10.99
H060,1_Gun_Aksam_Dinlenme,56,E,23.7,127,83,93,0,29,0.51,Yorgun,6,1,44,118.1,15:32,15.54
H060,1_Gun_Aksam_Yuruyus,56,E,23.7,139,90,108,1,37,0.91,Gergin,9,2,49,150.1,15:56,15.94
H060,2_Gun_Sabah_Dinlenme,56,E,23.7,123,80,88,0,21,0.17,Gergin,4,1,43,108.2,09:06,9.1
H060,2_Gun_Sabah_Yuruyus,56,E,23.7,129,84,95,0,19,0.65,Endiseli,5,1,45,122.6,09:25,9.41
H060,2_Gun_Aksam_Dinlenme,56,E,23.7,120,79,85,0,12,0.29,Sakin,3,0,41,102.0,16:12,16.2
H060,2_Gun_Aksam_Yuruyus,56,E,23.7,128,83,95,0,29,0.59,Gergin,6,1,45,121.6,16:35,16.59
H060,3_Gun_Sabah_Dinlenme,56,E,23.7,118,78,82,0,9,0.38,Sakin,2,0,40,96.8,11:02,11.04
H060,3_Gun_Sabah_Yuruyus,56,E,23.7,132,85,99,0,24,0.69,Endiseli,6,1,47,130.7,11:24,11.41
H060,3_Gun_Aksam_Dinlenme,56,E,23.7,121,79,86,0,11,0.45,Sakin,3,0,42,104.1,16:24,16.39
H060,3_Gun_Aksam_Yuruyus,56,E,23.7,132,85,99,0,22,0.54,Yorgun,6,1,47,130.7,16:51,16.85
H061,0_Gun_Kabul,73,K,29.8,137,89,82,0,31,0.8,Agrili,7,2,48,112.3,14:01,14.02
H061,0_Gun_Aksam,73,K,29.8,136,88,81,0,29,0.69,Endiseli,6,1,48,110.2,16:50,16.83
H061,1_Gun_Sabah_Dinlenme,73,K,29.8,140,91,87,0,33,0.54,Agrili,7,2,49,121.8,09:12,9.2
H061,1_Gun_Sabah_Yuruyus,73,K,29.8,136,88,81,0,36,0.72,Agrili,7,2,48,110.2,09:46,9.77
H061,1_Gun_Aksam_Dinlenme,73,K,29.8,137,89,82,0,25,0.86,Endiseli,6,1,48,112.3,15:21,15.36
H061,1_Gun_Aksam_Yuruyus,73,K,29.8,139,90,85,0,39,0.7,Tedirgin,8,2,49,118.2,15:45,15.74
H061,2_Gun_Sabah_Dinlenme,73,K,29.8,130,85,74,0,10,0.47,Yorgun,4,1,45,96.2,08:58,8.96
H061,2_Gun_Sabah_Yuruyus,73,K,29.8,143,92,90,0,37,0.65,Agrili,7,2,51,128.7,09:33,9.55
H061,2_Gun_Aksam_Dinlenme,73,K,29.8,133,87,78,0,9,0.41,Gergin,4,1,46,103.7,16:12,16.21
H061,2_Gun_Aksam_Yuruyus,73,K,29.8,131,85,75,0,20,0.43,Yorgun,4,1,46,98.2,16:39,16.65
H061,3_Gun_Sabah_Dinlenme,73,K,29.8,131,85,75,0,13,0.35,Yorgun,3,0,46,98.2,08:55,8.92
H061,3_Gun_Sabah_Yuruyus,73,K,29.8,137,89,83,0,30,0.48,Gergin,6,1,48,113.7,09:25,9.42
H061,3_Gun_Aksam_Dinlenme,73,K,29.8,125,82,67,0,0,0.17,Yorgun,1,0,43,83.8,15:30,15.5
H061,3_Gun_Aksam_Yuruyus,73,K,29.8,131,86,76,0,19,0.48,Yorgun,4,1,45,99.6,16:03,16.05
H062,0_Gun_Kabul,65,K,35.2,127,84,86,0,31,0.52,Gergin,7,2,43,109.2,14:18,14.31
H062,0_Gun_Aksam,65,K,35.2,133,87,93,0,37,0.89,Agrili,8,2,46,123.7,15:53,15.88
H062,1_Gun_Sabah_Dinlenme,65,K,35.2,126,83,84,0,24,0.65,Gergin,6,1,43,105.8,08:50,8.84
H062,1_Gun_Sabah_Yuruyus,65,K,35.2,130,85,89,0,25,0.54,Gergin,6,1,45,115.7,09:15,9.25
H062,1_Gun_Aksam_Dinlenme,65,K,35.2,129,84,87,0,25,0.52,Yorgun,6,1,45,112.2,16:21,16.36
H062,1_Gun_Aksam_Yuruyus,65,K,35.2,131,86,90,0,41,0.81,Agrili,9,2,45,117.9,16:38,16.63
H062,2_Gun_Sabah_Dinlenme,65,K,35.2,124,82,82,0,22,0.53,Endiseli,4,1,42,101.7,10:41,10.69
H062,2_Gun_Sabah_Yuruyus,65,K,35.2,127,84,86,0,33,0.75,Gergin,7,2,43,109.2,11:05,11.09
H062,2_Gun_Aksam_Dinlenme,65,K,35.2,123,81,80,0,21,0.35,Endiseli,4,1,42,98.4,16:16,16.26
H062,2_Gun_Aksam_Yuruyus,65,K,35.2,129,84,87,0,35,0.86,Tedirgin,8,2,45,112.2,16:39,16.66
H062,3_Gun_Sabah_Dinlenme,65,K,35.2,119,79,75,0,8,0.13,Yorgun,2,0,40,89.2,09:45,9.75
H062,3_Gun_Sabah_Yuruyus,65,K,35.2,123,81,80,0,20,0.55,Gergin,5,1,42,98.4,10:11,10.19
H062,3_Gun_Aksam_Dinlenme,65,K,35.2,119,79,76,0,16,0.25,Yorgun,2,0,40,90.4,15:22,15.37
H062,3_Gun_Aksam_Yuruyus,65,K,35.2,124,82,82,0,17,0.57,Yorgun,4,1,42,101.7,15:41,15.68
H063,0_Gun_Kabul,66,K,25.1,140,88,89,0,35,0.71,Tedirgin,7,2,52,124.6,15:18,15.29
H063,0_Gun_Aksam,66,K,25.1,136,85,85,0,30,0.62,Endiseli,6,1,51,115.6,17:24,17.39
H063,1_Gun_Sabah_Dinlenme,66,K,25.1,133,84,81,0,20,0.49,Gergin,5,1,49,107.7,09:41,9.68
H063,1_Gun_Sabah_Yuruyus,66,K,25.1,143,90,93,0,36,0.78,Agrili,7,2,53,133.0,10:01,10.02
H063,1_Gun_Aksam_Dinlenme,66,K,25.1,136,85,84,0,19,0.45,Yorgun,5,1,51,114.2,16:33,16.55
H063,1_Gun_Aksam_Yuruyus,66,K,25.1,134,84,82,0,29,0.58,Gergin,6,1,50,109.9,16:56,16.93
H063,2_Gun_Sabah_Dinlenme,66,K,25.1,132,83,79,0,19,0.33,Gergin,5,1,49,104.3,08:49,8.81
H063,2_Gun_Sabah_Yuruyus,66,K,25.1,134,84,82,0,31,0.43,Yorgun,6,1,50,109.9,09:07,9.12
H063,2_Gun_Aksam_Dinlenme,66,K,25.1,129,81,76,0,12,0.45,Sakin,3,0,48,98.0,16:43,16.72
H063,2_Gun_Aksam_Yuruyus,66,K,25.1,136,86,85,0,27,0.72,Endiseli,6,1,50,115.6,17:11,17.19
H063,3_Gun_Sabah_Dinlenme,66,K,25.1,131,82,78,0,20,0.39,Endiseli,4,1,49,102.2,08:49,8.82
H063,3_Gun_Sabah_Yuruyus,66,K,25.1,133,84,81,0,24,0.48,Yorgun,5,1,49,107.7,09:09,9.14
H063,3_Gun_Aksam_Dinlenme,66,K,25.1,128,81,74,0,4,0.17,Sakin,2,0,47,94.7,15:33,15.55
H063,3_Gun_Aksam_Yuruyus,66,K,25.1,132,83,80,0,24,0.44,Endiseli,5,1,49,105.6,16:02,16.03
H064,0_Gun_Kabul,58,E,34.9,134,86,94,0,31,0.62,Agrili,7,2,48,126.0,14:02,14.03
H064,0_Gun_Aksam,58,E,34.9,136,88,98,0,30,0.56,Tedirgin,7,2,48,133.3,15:42,15.71
H064,1_Gun_Sabah_Dinlenme,58,E,34.9,132,85,92,0,26,0.64,Gergin,6,1,47,121.4,10:45,10.75
H064,1_Gun_Sabah_Yuruyus,58,E,34.9,142,91,105,1,37,0.79,Agrili,8,2,51,149.1,11:04,11.06
H064,1_Gun_Aksam_Dinlenme,58,E,34.9,134,87,95,0,29,0.63,Agrili,7,2,47,127.3,16:34,16.57
H064,1_Gun_Aksam_Yuruyus,58,E,34.9,141,91,104,1,45,0.85,Agrili,10,2,50,146.6,16:54,16.9
H064,2_Gun_Sabah_Dinlenme,58,E,34.9,129,83,88,0,25,0.42,Endiseli,5,1,46,113.5,09:00,9.0
H064,2_Gun_Sabah_Yuruyus,58,E,34.9,131,85,91,0,28,0.6,Endiseli,6,1,46,119.2,09:20,9.33
H064,2_Gun_Aksam_Dinlenme,58,E,34.9,128,83,87,0,16,0.24,Gergin,4,1,45,111.4,16:44,16.73
H064,2_Gun_Aksam_Yuruyus,58,E,34.9,131,85,91,0,25,0.35,Yorgun,5,1,46,119.2,17:16,17.27
H064,3_Gun_Sabah_Dinlenme,58,E,34.9,121,79,78,0,3,0.08,Sakin,1,0,42,94.4,10:50,10.83
H064,3_Gun_Sabah_Yuruyus,58,E,34.9,131,85,91,0,20,0.56,Yorgun,5,1,46,119.2,11:12,11.21
H064,3_Gun_Aksam_Dinlenme,58,E,34.9,127,83,86,0,15,0.44,Sakin,3,0,44,109.2,16:36,16.6
H064,3_Gun_Aksam_Yuruyus,58,E,34.9,132,85,92,0,24,0.59,Gergin,6,1,47,121.4,16:55,16.92
H065,0_Gun_Kabul,77,K,33.6,135,92,92,0,34,0.87,Agrili,8,2,43,124.2,14:26,14.44
H065,0_Gun_Aksam,77,K,33.6,137,93,94,0,30,0.84,Agrili,7,2,44,128.8,17:18,17.29
H065,1_Gun_Sabah_Dinlenme,77,K,33.6,133,91,89,0,21,0.44,Gergin,5,1,42,118.4,08:47,8.78
H065,1_Gun_Sabah_Yuruyus,77,K,33.6,138,94,95,0,35,0.75,Tedirgin,8,2,44,131.1,09:04,9.06
H065,1_Gun_Aksam_Dinlenme,77,K,33.6,135,92,92,0,19,0.62,Yorgun,5,1,43,124.2,15:30,15.5
H065,1_Gun_Aksam_Yuruyus,77,K,33.6,132,90,87,0,29,0.54,Endiseli,6,1,42,114.8,15:45,15.76
H065,2_Gun_Sabah_Dinlenme,77,K,33.6,131,90,87,0,17,0.53,Yorgun,4,1,41,114.0,09:12,9.2
H065,2_Gun_Sabah_Yuruyus,77,K,33.6,137,93,95,0,31,0.71,Tedirgin,7,2,44,130.2,09:39,9.65
H065,2_Gun_Aksam_Dinlenme,77,K,33.6,128,88,83,0,20,0.44,Yorgun,4,1,40,106.2,16:01,16.01
H065,2_Gun_Aksam_Yuruyus,77,K,33.6,133,91,90,0,24,0.4,Yorgun,6,1,42,119.7,16:34,16.56
H065,3_Gun_Sabah_Dinlenme,77,K,33.6,132,90,87,0,14,0.13,Yorgun,4,1,42,114.8,10:48,10.79
H065,3_Gun_Sabah_Yuruyus,77,K,33.6,131,90,87,0,20,0.5,Endiseli,5,1,41,114.0,11:09,11.16
H065,3_Gun_Aksam_Dinlenme,77,K,33.6,126,87,80,0,4,0.16,Sakin,2,0,39,100.8,15:37,15.62
H065,3_Gun_Aksam_Yuruyus,77,K,33.6,134,92,91,0,21,0.46,Endiseli,5,1,42,121.9,16:00,16.0
H066,0_Gun_Kabul,69,K,33.0,154,85,102,1,41,0.84,Agrili,9,2,69,157.1,14:53,14.89
H066,0_Gun_Aksam,69,K,33.0,137,75,81,0,22,0.54,Gergin,5,1,62,111.0,16:02,16.04
H066,1_Gun_Sabah_Dinlenme,69,K,33.0,137,75,81,0,21,0.29,Endiseli,4,1,62,111.0,10:19,10.31
H066,1_Gun_Sabah_Yuruyus,69,K,33.0,139,76,82,0,27,0.46,Yorgun,6,1,63,114.0,10:42,10.7
H066,1_Gun_Aksam_Dinlenme,69,K,33.0,147,81,93,0,29,0.59,Agrili,7,2,66,136.7,16:19,16.32
H066,1_Gun_Aksam_Yuruyus,69,K,33.0,144,79,89,0,36,0.7,Gergin,8,2,65,128.2,16:43,16.72
H066,2_Gun_Sabah_Dinlenme,69,K,33.0,143,79,88,0,29,0.63,Yorgun,6,1,64,125.8,09:29,9.49
H066,2_Gun_Sabah_Yuruyus,69,K,33.0,143,79,88,0,24,0.6,Yorgun,6,1,64,125.8,10:03,10.05
H066,2_Gun_Aksam_Dinlenme,69,K,33.0,137,75,81,0,16,0.42,Yorgun,4,1,62,111.0,16:50,16.83
H066,2_Gun_Aksam_Yuruyus,69,K,33.0,143,79,88,0,25,0.63,Tedirgin,7,2,64,125.8,17:08,17.13
H066,3_Gun_Sabah_Dinlenme,69,K,33.0,134,73,76,0,12,0.26,Yorgun,3,0,61,101.8,10:55,10.92
H066,3_Gun_Sabah_Yuruyus,69,K,33.0,136,75,80,0,17,0.16,Endiseli,4,1,61,108.8,11:20,11.33
H066,3_Gun_Aksam_Dinlenme,69,K,33.0,131,72,73,0,9,0.39,Yorgun,2,0,59,95.6,17:09,17.15
H066,3_Gun_Aksam_Yuruyus,69,K,33.0,141,78,86,0,21,0.58,Gergin,5,1,63,121.3,17:40,17.66
H067,0_Gun_Kabul,61,E,23.0,131,91,95,0,22,0.57,Gergin,6,1,40,124.4,14:38,14.64
H067,0_Gun_Aksam,61,E,23.0,126,88,88,0,26,0.48,Gergin,6,1,38,110.9,15:33,15.54
H067,1_Gun_Sabah_Dinlenme,61,E,23.0,127,89,89,0,21,0.33,Endiseli,5,1,38,113.0,09:25,9.42
H067,1_Gun_Sabah_Yuruyus,61,E,23.0,131,91,94,0,27,0.57,Endiseli,6,1,40,123.1,09:51,9.85
H067,1_Gun_Aksam_Dinlenme,61,E,23.0,129,90,92,0,19,0.51,Gergin,5,1,39,118.7,16:31,16.52
H067,1_Gun_Aksam_Yuruyus,61,E,23.0,140,96,105,1,44,0.83,Tedirgin,9,2,44,147.0,16:51,16.86
H067,2_Gun_Sabah_Dinlenme,61,E,23.0,125,87,86,0,16,0.35,Yorgun,4,1,38,107.5,09:06,9.1
H067,2_Gun_Sabah_Yuruyus,61,E,23.0,134,93,98,0,30,0.51,Gergin,7,2,41,131.3,09:38,9.63
H067,2_Gun_Aksam_Dinlenme,61,E,23.0,129,90,92,0,24,0.38,Yorgun,5,1,39,118.7,17:22,17.36
H067,2_Gun_Aksam_Yuruyus,61,E,23.0,133,92,96,0,41,0.64,Agrili,8,2,41,127.7,17:47,17.79
H067,3_Gun_Sabah_Dinlenme,61,E,23.0,117,83,76,0,7,0.07,Yorgun,1,0,34,88.9,09:11,9.18
H067,3_Gun_Sabah_Yuruyus,61,E,23.0,126,88,88,0,22,0.5,Gergin,5,1,38,110.9,09:31,9.52
H067,3_Gun_Aksam_Dinlenme,61,E,23.0,119,84,79,0,2,0.23,Yorgun,2,0,35,94.0,15:03,15.04
H067,3_Gun_Aksam_Yuruyus,61,E,23.0,123,87,84,0,14,0.41,Yorgun,4,1,36,103.3,15:36,15.6
H068,0_Gun_Kabul,77,K,34.4,125,83,85,0,28,0.62,Endiseli,5,1,42,106.2,14:11,14.18
H068,0_Gun_Aksam,77,K,34.4,125,83,86,0,31,0.81,Gergin,7,2,42,107.5,16:39,16.65
H068,1_Gun_Sabah_Dinlenme,77,K,34.4,120,80,80,0,25,0.59,Yorgun,5,1,40,96.0,09:26,9.44
H068,1_Gun_Sabah_Yuruyus,77,K,34.4,125,83,85,0,33,0.65,Yorgun,6,1,42,106.2,09:52,9.87
H068,1_Gun_Aksam_Dinlenme,77,K,34.4,123,82,84,0,22,0.51,Endiseli,5,1,41,103.3,16:34,16.56
H068,1_Gun_Aksam_Yuruyus,77,K,34.4,131,86,93,0,35,0.63,Tedirgin,8,2,45,121.8,17:05,17.09
H068,2_Gun_Sabah_Dinlenme,77,K,34.4,124,82,84,0,27,0.66,Yorgun,6,1,42,104.2,09:16,9.27
H068,2_Gun_Sabah_Yuruyus,77,K,34.4,130,86,92,0,35,0.74,Gergin,8,2,44,119.6,09:31,9.52
H068,2_Gun_Aksam_Dinlenme,77,K,34.4,122,81,82,0,20,0.4,Endiseli,4,1,41,100.0,15:20,15.33
H068,2_Gun_Aksam_Yuruyus,77,K,34.4,128,85,89,0,42,0.88,Gergin,9,2,43,113.9,15:53,15.88
H068,3_Gun_Sabah_Dinlenme,77,K,34.4,118,79,77,0,11,0.3,Sakin,3,0,39,90.9,10:56,10.93
H068,3_Gun_Sabah_Yuruyus,77,K,34.4,122,81,82,0,22,0.44,Endiseli,5,1,41,100.0,11:23,11.38
H068,3_Gun_Aksam_Dinlenme,77,K,34.4,116,78,75,0,6,0.06,Sakin,2,0,38,87.0,16:26,16.44
H068,3_Gun_Aksam_Yuruyus,77,K,34.4,125,83,86,0,25,0.56,Endiseli,5,1,42,107.5,16:55,16.91
H069,0_Gun_Kabul,75,E,33.4,136,88,91,0,27,0.54,Yorgun,6,1,48,123.8,14:16,14.26
H069,0_Gun_Aksam,75,E,33.4,144,92,101,1,35,0.9,Gergin,8,2,52,145.4,17:20,17.33
H069,1_Gun_Sabah_Dinlenme,75,E,33.4,140,90,96,0,30,0.49,Gergin,7,2,50,134.4,09:48,9.8
H069,1_Gun_Sabah_Yuruyus,75,E,33.4,145,93,102,1,44,0.97,Agrili,10,2,52,147.9,10:10,10.17
H069,1_Gun_Aksam_Dinlenme,75,E,33.4,130,84,83,0,23,0.65,Endiseli,5,1,46,107.9,16:15,16.25
H069,1_Gun_Aksam_Yuruyus,75,E,33.4,134,86,89,0,26,0.59,Gergin,6,1,48,119.3,16:31,16.51
H069,2_Gun_Sabah_Dinlenme,75,E,33.4,126,82,78,0,17,0.32,Yorgun,3,0,44,98.3,09:10,9.17
H069,2_Gun_Sabah_Yuruyus,75,E,33.4,138,89,94,0,26,0.72,Yorgun,6,1,49,129.7,09:40,9.66
H069,2_Gun_Aksam_Dinlenme,75,E,33.4,131,85,85,0,18,0.47,Yorgun,4,1,46,111.4,15:12,15.2
H069,2_Gun_Aksam_Yuruyus,75,E,33.4,136,88,91,0,23,0.66,Gergin,6,1,48,123.8,15:39,15.65
H069,3_Gun_Sabah_Dinlenme,75,E,33.4,123,80,75,0,7,0.0,Sakin,1,0,43,92.2,09:22,9.36
H069,3_Gun_Sabah_Yuruyus,75,E,33.4,128,83,81,0,19,0.42,Gergin,4,1,45,103.7,09:45,9.74
H069,3_Gun_Aksam_Dinlenme,75,E,33.4,124,81,76,0,7,0.17,Sakin,2,0,43,94.2,15:42,15.69
H069,3_Gun_Aksam_Yuruyus,75,E,33.4,134,86,88,0,20,0.42,Yorgun,5,1,48,117.9,16:04,16.06
H070,0_Gun_Kabul,66,K,29.7,137,82,94,0,29,0.7,Gergin,7,2,55,128.8,15:05,15.08
H070,0_Gun_Aksam,66,K,29.7,141,85,99,0,38,0.82,Gergin,8,2,56,139.6,16:06,16.09
H070,1_Gun_Sabah_Dinlenme,66,K,29.7,142,85,101,1,32,0.66,Agrili,8,2,57,143.4,10:10,10.17
H070,1_Gun_Sabah_Yuruyus,66,K,29.7,137,82,95,0,37,0.77,Gergin,8,2,55,130.2,10:34,10.57
H070,1_Gun_Aksam_Dinlenme,66,K,29.7,129,77,84,0,18,0.57,Yorgun,5,1,52,108.4,16:36,16.59
H070,1_Gun_Aksam_Yuruyus,66,K,29.7,138,83,96,0,38,0.86,Agrili,9,2,55,132.5,17:09,17.16
H070,2_Gun_Sabah_Dinlenme,66,K,29.7,126,76,81,0,20,0.63,Sakin,3,0,50,102.1,10:35,10.58
H070,2_Gun_Sabah_Yuruyus,66,K,29.7,132,79,88,0,22,0.58,Yorgun,5,1,53,116.2,10:54,10.9
H070,2_Gun_Aksam_Dinlenme,66,K,29.7,127,76,82,0,17,0.14,Yorgun,3,0,51,104.1,15:04,15.07
H070,2_Gun_Aksam_Yuruyus,66,K,29.7,131,79,87,0,32,0.37,Gergin,7,2,52,114.0,15:25,15.41
H070,3_Gun_Sabah_Dinlenme,66,K,29.7,121,73,75,0,6,0.0,Sakin,1,0,48,90.8,10:14,10.24
H070,3_Gun_Sabah_Yuruyus,66,K,29.7,131,79,87,0,24,0.55,Yorgun,6,1,52,114.0,10:30,10.5
H070,3_Gun_Aksam_Dinlenme,66,K,29.7,128,77,83,0,14,0.63,Gergin,4,1,51,106.2,16:11,16.19
H070,3_Gun_Aksam_Yuruyus,66,K,29.7,126,76,81,0,20,0.39,Endiseli,4,1,50,102.1,16:38,16.64
H071,0_Gun_Kabul,59,E,33.8,136,88,100,0,44,0.97,Tedirgin,9,2,48,136.0,14:30,14.5
H071,0_Gun_Aksam,59,E,33.8,121,79,81,0,31,0.47,Gergin,6,1,42,98.0,17:03,17.04
H071,1_Gun_Sabah_Dinlenme,59,E,33.8,120,79,81,0,19,0.64,Yorgun,5,1,41,97.2,09:01,9.02
H071,1_Gun_Sabah_Yuruyus,59,E,33.8,129,84,92,0,35,0.81,Agrili,8,2,45,118.7,09:17,9.29
H071,1_Gun_Aksam_Dinlenme,59,E,33.8,123,80,84,0,33,0.77,Agrili,7,2,43,103.3,16:45,16.75
H071,1_Gun_Aksam_Yuruyus,59,E,33.8,129,84,92,0,43,0.98,Tedirgin,10,2,45,118.7,17:10,17.16
H071,2_Gun_Sabah_Dinlenme,59,E,33.8,118,77,78,0,16,0.46,Yorgun,4,1,41,92.0,10:28,10.47
H071,2_Gun_Sabah_Yuruyus,59,E,33.8,125,82,87,0,28,0.51,Endiseli,6,1,43,108.8,10:52,10.87
H071,2_Gun_Aksam_Dinlenme,59,E,33.8,124,81,86,0,26,0.49,Yorgun,5,1,43,106.6,15:35,15.59
H071,2_Gun_Aksam_Yuruyus,59,E,33.8,125,82,87,0,31,0.86,Gergin,7,2,43,108.8,16:07,16.11
H071,3_Gun_Sabah_Dinlenme,59,E,33.8,112,74,71,0,4,0.11,Yorgun,1,0,38,79.5,10:45,10.75
H071,3_Gun_Sabah_Yuruyus,59,E,33.8,121,79,82,0,19,0.63,Yorgun,5,1,42,99.2,11:14,11.23
H071,3_Gun_Aksam_Dinlenme,59,E,33.8,117,77,77,0,16,0.36,Gergin,4,1,40,90.1,15:39,15.65
H071,3_Gun_Aksam_Yuruyus,59,E,33.8,119,78,80,0,22,0.41,Gergin,4,1,41,95.2,16:06,16.1
H072,0_Gun_Kabul,62,E,37.1,143,80,93,0,34,0.8,Agrili,8,2,63,133.0,14:32,14.54
H072,0_Gun_Aksam,62,E,37.1,150,84,102,1,38,0.82,Gergin,9,2,66,153.0,15:41,15.68
H072,1_Gun_Sabah_Dinlenme,62,E,37.1,145,81,95,0,36,0.74,Agrili,7,2,64,137.8,11:03,11.04
H072,1_Gun_Sabah_Yuruyus,62,E,37.1,142,79,91,0,28,0.5,Endiseli,6,1,63,129.2,11:20,11.34
H072,1_Gun_Aksam_Dinlenme,62,E,37.1,140,78,89,0,19,0.42,Yorgun,5,1,62,124.6,17:17,17.28
H072,1_Gun_Aksam_Yuruyus,62,E,37.1,146,81,97,0,37,0.98,Tedirgin,8,2,65,141.6,17:41,17.68
H072,2_Gun_Sabah_Dinlenme,62,E,37.1,135,75,83,0,15,0.4,Gergin,4,1,60,112.0,09:13,9.21
H072,2_Gun_Sabah_Yuruyus,62,E,37.1,145,80,95,0,33,0.87,Tedirgin,7,2,65,137.8,09:39,9.64
H072,2_Gun_Aksam_Dinlenme,62,E,37.1,133,74,81,0,13,0.39,Sakin,3,0,59,107.7,17:06,17.1
H072,2_Gun_Aksam_Yuruyus,62,E,37.1,137,76,86,0,24,0.45,Endiseli,5,1,61,117.8,17:35,17.59
H072,3_Gun_Sabah_Dinlenme,62,E,37.1,133,74,81,0,12,0.31,Yorgun,3,0,59,107.7,10:46,10.77
H072,3_Gun_Sabah_Yuruyus,62,E,37.1,141,78,90,0,17,0.44,Endiseli,5,1,63,126.9,11:14,11.24
H072,3_Gun_Aksam_Dinlenme,62,E,37.1,136,75,84,0,20,0.44,Yorgun,4,1,61,114.2,16:40,16.66
H072,3_Gun_Aksam_Yuruyus,62,E,37.1,137,76,86,0,21,0.52,Gergin,5,1,61,117.8,17:12,17.19
H073,0_Gun_Kabul,70,E,28.2,129,89,91,0,34,0.71,Agrili,8,2,40,117.4,14:22,14.37
H073,0_Gun_Aksam,70,E,28.2,126,87,87,0,27,0.53,Yorgun,6,1,39,109.6,16:29,16.48
H073,1_Gun_Sabah_Dinlenme,70,E,28.2,127,88,89,0,21,0.64,Yorgun,5,1,39,113.0,09:18,9.3
H073,1_Gun_Sabah_Yuruyus,70,E,28.2,131,90,93,0,45,0.86,Agrili,10,2,41,121.8,09:53,9.88
H073,1_Gun_Aksam_Dinlenme,70,E,28.2,134,92,98,0,34,0.88,Tedirgin,8,2,42,131.3,17:16,17.27
H073,1_Gun_Aksam_Yuruyus,70,E,28.2,139,95,103,1,41,1.0,Agrili,10,2,44,143.2,17:32,17.53
H073,2_Gun_Sabah_Dinlenme,70,E,28.2,123,86,84,0,19,0.4,Yorgun,4,1,37,103.3,10:31,10.51
H073,2_Gun_Sabah_Yuruyus,70,E,28.2,127,88,88,0,25,0.82,Gergin,7,2,39,111.8,11:04,11.07
H073,2_Gun_Aksam_Dinlenme,70,E,28.2,128,89,90,0,27,0.56,Yorgun,6,1,39,115.2,15:26,15.43
H073,2_Gun_Aksam_Yuruyus,70,E,28.2,130,90,93,0,38,0.86,Agrili,8,2,40,120.9,15:52,15.87
H073,3_Gun_Sabah_Dinlenme,70,E,28.2,120,84,80,0,13,0.41,Sakin,3,0,36,96.0,11:02,11.04
H073,3_Gun_Sabah_Yuruyus,70,E,28.2,124,86,85,0,19,0.29,Yorgun,4,1,38,105.4,11:18,11.3
H073,3_Gun_Aksam_Dinlenme,70,E,28.2,115,81,74,0,5,0.07,Sakin,1,0,34,85.1,16:40,16.67
H073,3_Gun_Aksam_Yuruyus,70,E,28.2,123,85,83,0,19,0.42,Yorgun,4,1,38,102.1,17:01,17.02
H074,0_Gun_Kabul,78,K,30.7,143,82,97,0,28,0.54,Gergin,6,1,61,138.7,15:23,15.39
H074,0_Gun_Aksam,78,K,30.7,137,79,89,0,28,0.62,Gergin,6,1,58,121.9,17:27,17.44
H074,1_Gun_Sabah_Dinlenme,78,K,30.7,143,82,96,0,32,0.85,Gergin,8,2,61,137.3,11:07,11.11
H074,1_Gun_Sabah_Yuruyus,78,K,30.7,149,86,104,1,43,0.99,Agrili,10,2,63,155.0,11:31,11.52
H074,1_Gun_Aksam_Dinlenme,78,K,30.7,136,78,88,0,25,0.66,Yorgun,5,1,58,119.7,17:04,17.07
H074,1_Gun_Aksam_Yuruyus,78,K,30.7,139,80,91,0,20,0.55,Endiseli,6,1,59,126.5,17:36,17.6
H074,2_Gun_Sabah_Dinlenme,78,K,30.7,136,78,87,0,17,0.51,Endiseli,4,1,58,118.3,09:33,9.55
H074,2_Gun_Sabah_Yuruyus,78,K,30.7,138,79,89,0,33,0.7,Gergin,6,1,59,122.8,10:04,10.07
H074,2_Gun_Aksam_Dinlenme,78,K,30.7,141,81,94,0,29,0.56,Gergin,6,1,60,132.5,15:05,15.09
H074,2_Gun_Aksam_Yuruyus,78,K,30.7,139,80,91,0,26,0.62,Gergin,6,1,59,126.5,15:32,15.54
H074,3_Gun_Sabah_Dinlenme,78,K,30.7,131,75,81,0,10,0.07,Sakin,2,0,56,106.1,09:20,9.33
H074,3_Gun_Sabah_Yuruyus,78,K,30.7,138,79,89,0,24,0.54,Gergin,5,1,59,122.8,09:37,9.62
H074,3_Gun_Aksam_Dinlenme,78,K,30.7,131,75,81,0,3,0.26,Sakin,2,0,56,106.1,15:11,15.18
H074,3_Gun_Aksam_Yuruyus,78,K,30.7,134,77,85,0,22,0.34,Endiseli,4,1,57,113.9,15:40,15.67
H075,0_Gun_Kabul,55,E,37.1,135,79,96,0,19,0.49,Gergin,5,1,56,129.6,14:31,14.51
H075,0_Gun_Aksam,55,E,37.1,139,81,100,0,35,0.71,Gergin,8,2,58,139.0,16:57,16.95
H075,1_Gun_Sabah_Dinlenme,55,E,37.1,131,76,91,0,15,0.49,Endiseli,4,1,55,119.2,08:55,8.91
H075,1_Gun_Sabah_Yuruyus,55,E,37.1,135,78,95,0,25,0.41,Endiseli,5,1,57,128.2,09:16,9.27
H075,1_Gun_Aksam_Dinlenme,55,E,37.1,129,75,88,0,21,0.28,Endiseli,4,1,54,113.5,16:18,16.29
H075,1_Gun_Aksam_Yuruyus,55,E,37.1,143,83,106,1,43,0.96,Tedirgin,10,2,60,151.6,16:49,16.81
H075,2_Gun_Sabah_Dinlenme,55,E,37.1,133,77,93,0,16,0.25,Yorgun,4,1,56,123.7,09:33,9.55
H075,2_Gun_Sabah_Yuruyus,55,E,37.1,142,82,104,1,34,0.78,Tedirgin,7,2,60,147.7,10:00,10.01
H075,2_Gun_Aksam_Dinlenme,55,E,37.1,129,75,88,0,18,0.44,Gergin,4,1,54,113.5,17:08,17.13
H075,2_Gun_Aksam_Yuruyus,55,E,37.1,135,78,96,0,24,0.61,Gergin,6,1,57,129.6,17:35,17.58
H075,3_Gun_Sabah_Dinlenme,55,E,37.1,128,74,86,0,11,0.32,Yorgun,3,0,54,110.1,09:20,9.33
H075,3_Gun_Sabah_Yuruyus,55,E,37.1,135,78,95,0,18,0.51,Gergin,5,1,57,128.2,09:35,9.59
H075,3_Gun_Aksam_Dinlenme,55,E,37.1,127,74,86,0,13,0.25,Sakin,3,0,53,109.2,17:05,17.09
H075,3_Gun_Aksam_Yuruyus,55,E,37.1,133,77,93,0,12,0.5,Gergin,4,1,56,123.7,17:21,17.35
H076,0_Gun_Kabul,69,K,25.4,135,94,100,0,29,0.88,Tedirgin,7,2,41,135.0,15:19,15.31
H076,0_Gun_Aksam,69,K,25.4,127,89,90,0,26,0.54,Gergin,6,1,38,114.3,16:33,16.56
H076,1_Gun_Sabah_Dinlenme,69,K,25.4,137,95,102,1,34,0.8,Gergin,8,2,42,139.7,11:06,11.1
H076,1_Gun_Sabah_Yuruyus,69,K,25.4,136,94,101,1,41,0.96,Gergin,9,2,42,137.4,11:37,11.61
H076,1_Gun_Aksam_Dinlenme,69,K,25.4,127,89,90,0,12,0.34,Endiseli,4,1,38,114.3,17:24,17.4
H076,1_Gun_Aksam_Yuruyus,69,K,25.4,135,94,100,0,39,0.84,Tedirgin,10,2,41,135.0,17:46,17.76
H076,2_Gun_Sabah_Dinlenme,69,K,25.4,126,89,89,0,30,0.57,Endiseli,5,1,37,112.1,10:40,10.67
H076,2_Gun_Sabah_Yuruyus,69,K,25.4,131,92,95,0,25,0.52,Yorgun,6,1,39,124.4,11:03,11.05
H076,2_Gun_Aksam_Dinlenme,69,K,25.4,122,86,83,0,13,0.07,Yorgun,3,0,36,101.3,16:09,16.15
H076,2_Gun_Aksam_Yuruyus,69,K,25.4,127,89,90,0,19,0.38,Yorgun,5,1,38,114.3,16:37,16.61
H076,3_Gun_Sabah_Dinlenme,69,K,25.4,121,86,83,0,9,0.05,Sakin,2,0,35,100.4,10:56,10.93
H076,3_Gun_Sabah_Yuruyus,69,K,25.4,128,90,91,0,27,0.51,Gergin,6,1,38,116.5,11:31,11.51
H076,3_Gun_Aksam_Dinlenme,69,K,25.4,124,88,87,0,17,0.33,Yorgun,4,1,36,107.9,16:51,16.84
H076,3_Gun_Aksam_Yuruyus,69,K,25.4,129,90,92,0,28,0.24,Endiseli,5,1,39,118.7,17:14,17.23
H077,0_Gun_Kabul,59,E,35.5,128,91,91,0,31,0.97,Gergin,8,2,37,116.5,14:38,14.63
H077,0_Gun_Aksam,59,E,35.5,132,93,96,0,42,0.98,Tedirgin,9,2,39,126.7,16:59,16.98
H077,1_Gun_Sabah_Dinlenme,59,E,35.5,123,88,85,0,27,0.63,Gergin,6,1,35,104.6,09:21,9.35
H077,1_Gun_Sabah_Yuruyus,59,E,35.5,131,93,96,0,37,0.92,Agrili,9,2,38,125.8,09:38,9.63
H077,1_Gun_Aksam_Dinlenme,59,E,35.5,122,87,84,0,22,0.55,Yorgun,5,1,35,102.5,15:51,15.85
H077,1_Gun_Aksam_Yuruyus,59,E,35.5,129,92,93,0,42,1.0,Tedirgin,10,2,37,120.0,16:12,16.2
H077,2_Gun_Sabah_Dinlenme,59,E,35.5,122,87,84,0,20,0.68,Yorgun,5,1,35,102.5,09:29,9.49
H077,2_Gun_Sabah_Yuruyus,59,E,35.5,125,89,88,0,25,0.67,Gergin,6,1,36,110.0,09:49,9.82
H077,2_Gun_Aksam_Dinlenme,59,E,35.5,121,87,83,0,23,0.52,Gergin,5,1,34,100.4,15:06,15.1
H077,2_Gun_Aksam_Yuruyus,59,E,35.5,124,88,86,0,34,0.85,Agrili,7,2,36,106.6,15:21,15.36
H077,3_Gun_Sabah_Dinlenme,59,E,35.5,115,83,75,0,8,0.19,Yorgun,2,0,32,86.2,11:13,11.22
H077,3_Gun_Sabah_Yuruyus,59,E,35.5,122,87,84,0,13,0.34,Endiseli,4,1,35,102.5,11:37,11.61
H077,3_Gun_Aksam_Dinlenme,59,E,35.5,116,84,76,0,7,0.13,Yorgun,2,0,32,88.2,15:55,15.92
H077,3_Gun_Aksam_Yuruyus,59,E,35.5,121,87,82,0,21,0.45,Yorgun,4,1,34,99.2,16:24,16.4
H078,0_Gun_Kabul,58,E,35.9,132,84,80,0,26,0.76,Yorgun,6,1,48,105.6,14:20,14.33
H078,0_Gun_Aksam,58,E,35.9,136,86,85,0,31,0.72,Agrili,7,2,50,115.6,17:24,17.4
H078,1_Gun_Sabah_Dinlenme,58,E,35.9,129,82,77,0,13,0.44,Endiseli,4,1,47,99.3,10:43,10.72
H078,1_Gun_Sabah_Yuruyus,58,E,35.9,136,86,86,0,41,0.97,Gergin,9,2,50,117.0,11:00,11.0
H078,1_Gun_Aksam_Dinlenme,58,E,35.9,130,82,77,0,23,0.55,Gergin,5,1,48,100.1,16:00,16.0
H078,1_Gun_Aksam_Yuruyus,58,E,35.9,140,88,90,0,31,0.83,Gergin,7,2,52,126.0,16:33,16.55
H078,2_Gun_Sabah_Dinlenme,58,E,35.9,132,84,81,0,24,0.64,Yorgun,6,1,48,106.9,11:07,11.11
H078,2_Gun_Sabah_Yuruyus,58,E,35.9,133,85,82,0,37,0.47,Tedirgin,7,2,48,109.1,11:31,11.52
H078,2_Gun_Aksam_Dinlenme,58,E,35.9,137,87,86,0,32,0.42,Yorgun,6,1,50,117.8,16:28,16.47
H078,2_Gun_Aksam_Yuruyus,58,E,35.9,140,89,90,0,34,0.82,Agrili,8,2,51,126.0,16:47,16.78
H078,3_Gun_Sabah_Dinlenme,58,E,35.9,125,80,72,0,8,0.09,Sakin,2,0,45,90.0,11:14,11.23
H078,3_Gun_Sabah_Yuruyus,58,E,35.9,130,83,78,0,23,0.51,Endiseli,5,1,47,101.4,11:33,11.56
H078,3_Gun_Aksam_Dinlenme,58,E,35.9,127,81,74,0,13,0.38,Sakin,3,0,46,94.0,17:16,17.26
H078,3_Gun_Aksam_Yuruyus,58,E,35.9,125,80,72,0,11,0.41,Yorgun,3,0,45,90.0,17:44,17.73
H079,0_Gun_Kabul,79,K,31.5,139,90,95,0,36,0.89,Agrili,7,2,49,132.0,14:55,14.91
H079,0_Gun_Aksam,79,K,31.5,134,87,89,0,25,0.62,Yorgun,5,1,47,119.3,16:32,16.53
H079,1_Gun_Sabah_Dinlenme,79,K,31.5,130,84,84,0,19,0.73,Yorgun,5,1,46,109.2,09:20,9.33
H079,1_Gun_Sabah_Yuruyus,79,K,31.5,140,91,98,0,26,0.62,Tedirgin,7,2,49,137.2,09:38,9.64
H079,1_Gun_Aksam_Dinlenme,79,K,31.5,134,87,90,0,33,0.86,Gergin,8,2,47,120.6,15:32,15.53
H079,1_Gun_Aksam_Yuruyus,79,K,31.5,149,96,108,1,45,1.0,Tedirgin,10,2,53,160.9,15:50,15.84
H079,2_Gun_Sabah_Dinlenme,79,K,31.5,126,82,80,0,10,0.44,Yorgun,3,0,44,100.8,10:42,10.7
H079,2_Gun_Sabah_Yuruyus,79,K,31.5,138,89,95,0,31,0.82,Agrili,7,2,49,131.1,11:04,11.07
H079,2_Gun_Aksam_Dinlenme,79,K,31.5,128,83,82,0,15,0.44,Yorgun,3,0,45,105.0,15:08,15.14
H079,2_Gun_Aksam_Yuruyus,79,K,31.5,132,86,87,0,28,0.57,Yorgun,6,1,46,114.8,15:43,15.71
H079,3_Gun_Sabah_Dinlenme,79,K,31.5,123,81,76,0,8,0.16,Sakin,2,0,42,93.5,10:58,10.96
H079,3_Gun_Sabah_Yuruyus,79,K,31.5,134,87,90,0,21,0.43,Endiseli,5,1,47,120.6,11:31,11.52
H079,3_Gun_Aksam_Dinlenme,79,K,31.5,122,80,75,0,4,0.16,Sakin,1,0,42,91.5,17:23,17.39
H079,3_Gun_Aksam_Yuruyus,79,K,31.5,133,86,88,0,33,0.83,Agrili,7,2,47,117.0,17:42,17.7
H080,0_Gun_Kabul,79,K,27.6,136,88,99,0,31,0.84,Tedirgin,8,2,48,134.6,14:36,14.59
H080,0_Gun_Aksam,79,K,27.6,130,85,92,0,41,0.77,Tedirgin,8,2,45,119.6,17:01,17.02
H080,1_Gun_Sabah_Dinlenme,79,K,27.6,133,87,96,0,30,0.85,Agrili,7,2,46,127.7,10:29,10.49
H080,1_Gun_Sabah_Yuruyus,79,K,27.6,131,86,93,0,37,0.79,Tedirgin,9,2,45,121.8,10:47,10.79
H080,1_Gun_Aksam_Dinlenme,79,K,27.6,134,88,98,0,35,0.88,Gergin,8,2,46,131.3,16:57,16.96
H080,1_Gun_Aksam_Yuruyus,79,K,27.6,133,87,96,0,36,0.6,Agrili,8,2,46,127.7,17:17,17.28
H080,2_Gun_Sabah_Dinlenme,79,K,27.6,128,84,90,0,23,0.68,Endiseli,6,1,44,115.2,09:19,9.31
H080,2_Gun_Sabah_Yuruyus,79,K,27.6,128,84,89,0,23,0.63,Endiseli,6,1,44,113.9,09:44,9.74
H080,2_Gun_Aksam_Dinlenme,79,K,27.6,120,79,80,0,10,0.26,Sakin,3,0,41,96.0,16:25,16.42
H080,2_Gun_Aksam_Yuruyus,79,K,27.6,129,85,91,0,20,0.7,Gergin,6,1,44,117.4,16:52,16.87
H080,3_Gun_Sabah_Dinlenme,79,K,27.6,118,78,78,0,5,0.2,Sakin,2,0,40,92.0,08:59,8.98
H080,3_Gun_Sabah_Yuruyus,79,K,27.6,131,86,93,0,24,0.5,Gergin,6,1,45,121.8,09:31,9.52
H080,3_Gun_Aksam_Dinlenme,79,K,27.6,121,80,81,0,4,0.3,Sakin,3,0,41,98.0,15:38,15.64
H080,3_Gun_Aksam_Yuruyus,79,K,27.6,122,80,82,0,17,0.61,Endiseli,4,1,42,100.0,15:56,15.93
H081,0_Gun_Kabul,78,E,31.9,137,89,80,0,27,0.63,Gergin,6,1,48,109.6,15:20,15.33
H081,0_Gun_Aksam,78,E,31.9,143,93,89,0,34,0.67,Agrili,7,2,50,127.3,17:25,17.41
H081,1_Gun_Sabah_Dinlenme,78,E,31.9,138,90,82,0,25,0.69,Gergin,6,1,48,113.2,10:54,10.91
H081,1_Gun_Sabah_Yuruyus,78,E,31.9,138,90,83,0,32,0.67,Agrili,7,2,48,114.5,11:26,11.43
H081,1_Gun_Aksam_Dinlenme,78,E,31.9,137,89,81,0,20,0.43,Endiseli,5,1,48,111.0,16:34,16.57
H081,1_Gun_Aksam_Yuruyus,78,E,31.9,145,94,91,0,34,0.82,Gergin,8,2,51,132.0,17:00,17.01
H081,2_Gun_Sabah_Dinlenme,78,E,31.9,137,89,80,0,21,0.64,Yorgun,5,1,48,109.6,08:58,8.97
H081,2_Gun_Sabah_Yuruyus,78,E,31.9,145,94,91,0,31,0.88,Agrili,8,2,51,132.0,09:21,9.35
H081,2_Gun_Aksam_Dinlenme,78,E,31.9,138,90,82,0,32,0.53,Yorgun,6,1,48,113.2,15:54,15.89
H081,2_Gun_Aksam_Yuruyus,78,E,31.9,143,93,88,0,25,0.47,Gergin,6,1,50,125.8,16:14,16.23
H081,3_Gun_Sabah_Dinlenme,78,E,31.9,134,87,77,0,17,0.51,Gergin,4,1,47,103.2,10:34,10.56
H081,3_Gun_Sabah_Yuruyus,78,E,31.9,132,86,74,0,12,0.22,Sakin,3,0,46,97.7,10:58,10.97
H081,3_Gun_Aksam_Dinlenme,78,E,31.9,129,85,71,0,10,0.37,Yorgun,2,0,44,91.6,15:12,15.19
H081,3_Gun_Aksam_Yuruyus,78,E,31.9,139,90,83,0,23,0.57,Endiseli,5,1,49,115.4,15:31,15.52
H082,0_Gun_Kabul,66,E,24.4,125,85,96,0,31,0.83,Gergin,8,2,40,120.0,15:01,15.02
H082,0_Gun_Aksam,66,E,24.4,128,87,100,0,33,0.64,Tedirgin,7,2,41,128.0,15:39,15.65
H082,1_Gun_Sabah_Dinlenme,66,E,24.4,122,84,93,0,17,0.45,Endiseli,5,1,38,113.5,10:53,10.88
H082,1_Gun_Sabah_Yuruyus,66,E,24.4,131,89,105,1,38,0.72,Tedirgin,8,2,42,137.6,11:18,11.29
H082,1_Gun_Aksam_Dinlenme,66,E,24.4,128,87,101,1,27,0.83,Tedirgin,7,2,41,129.3,16:09,16.15
H082,1_Gun_Aksam_Yuruyus,66,E,24.4,126,86,98,0,43,0.87,Tedirgin,9,2,40,123.5,16:36,16.6
H082,2_Gun_Sabah_Dinlenme,66,E,24.4,120,83,91,0,20,0.32,Endiseli,5,1,37,109.2,10:49,10.81
H082,2_Gun_Sabah_Yuruyus,66,E,24.4,126,86,98,0,26,0.7,Gergin,6,1,40,123.5,11:11,11.18
H082,2_Gun_Aksam_Dinlenme,66,E,24.4,116,80,85,0,20,0.26,Yorgun,3,0,36,98.6,16:38,16.63
H082,2_Gun_Aksam_Yuruyus,66,E,24.4,128,87,101,1,33,0.84,Tedirgin,8,2,41,129.3,17:04,17.07
H082,3_Gun_Sabah_Dinlenme,66,E,24.4,114,79,84,0,8,0.33,Sakin,2,0,35,95.8,09:25,9.42
H082,3_Gun_Sabah_Yuruyus,66,E,24.4,114,79,83,0,9,0.08,Yorgun,2,0,35,94.6,09:58,9.96
H082,3_Gun_Aksam_Dinlenme,66,E,24.4,121,83,92,0,14,0.38,Gergin,4,1,38,111.3,16:55,16.91
H082,3_Gun_Aksam_Yuruyus,66,E,24.4,127,86,99,0,27,0.57,Yorgun,6,1,41,125.7,17:23,17.38
H083,0_Gun_Kabul,75,K,34.0,126,86,87,0,23,0.66,Gergin,6,1,40,109.6,15:17,15.28
H083,0_Gun_Aksam,75,K,34.0,137,92,100,0,37,0.82,Gergin,9,2,45,137.0,17:14,17.23
H083,1_Gun_Sabah_Dinlenme,75,K,34.0,121,83,80,0,22,0.57,Gergin,5,1,38,96.8,10:31,10.52
H083,1_Gun_Sabah_Yuruyus,75,K,34.0,134,91,97,0,33,0.75,Agrili,8,2,43,130.0,11:03,11.05
H083,1_Gun_Aksam_Dinlenme,75,K,34.0,125,85,85,0,35,0.65,Tedirgin,7,2,40,106.2,16:40,16.67
H083,1_Gun_Aksam_Yuruyus,75,K,34.0,129,88,91,0,26,0.59,Yorgun,6,1,41,117.4,17:09,17.15
H083,2_Gun_Sabah_Dinlenme,75,K,34.0,122,83,81,0,15,0.23,Endiseli,4,1,39,98.8,10:18,10.3
H083,2_Gun_Sabah_Yuruyus,75,K,34.0,134,91,97,0,39,0.79,Tedirgin,8,2,43,130.0,10:48,10.8
H083,2_Gun_Aksam_Dinlenme,75,K,34.0,119,82,78,0,14,0.52,Endiseli,4,1,37,92.8,15:23,15.38
H083,2_Gun_Aksam_Yuruyus,75,K,34.0,125,85,85,0,29,0.68,Agrili,7,2,40,106.2,15:55,15.92
H083,3_Gun_Sabah_Dinlenme,75,K,34.0,114,79,71,0,8,0.16,Yorgun,1,0,35,80.9,10:56,10.93
H083,3_Gun_Sabah_Yuruyus,75,K,34.0,126,86,87,0,27,0.58,Endiseli,6,1,40,109.6,11:11,11.19
H083,3_Gun_Aksam_Dinlenme,75,K,34.0,117,81,76,0,14,0.4,Yorgun,3,0,36,88.9,16:59,16.98
H083,3_Gun_Aksam_Yuruyus,75,K,34.0,122,84,82,0,15,0.43,Yorgun,4,1,38,100.0,17:16,17.27
H084,0_Gun_Kabul,84,K,25.4,132,76,83,0,29,0.65,Gergin,6,1,56,109.6,14:30,14.5
H084,0_Gun_Aksam,84,K,25.4,141,81,94,0,41,0.84,Tedirgin,9,2,60,132.5,16:59,16.99
H084,1_Gun_Sabah_Dinlenme,84,K,25.4,133,77,84,0,25,0.58,Endiseli,5,1,56,111.7,09:09,9.15
H084,1_Gun_Sabah_Yuruyus,84,K,25.4,139,80,91,0,42,0.7,Gergin,8,2,59,126.5,09:40,9.67
H084,1_Gun_Aksam_Dinlenme,84,K,25.4,130,75,80,0,22,0.24,Gergin,4,1,55,104.0,17:00,17.0
H084,1_Gun_Aksam_Yuruyus,84,K,25.4,141,81,94,0,37,0.79,Agrili,8,2,60,132.5,17:25,17.42
H084,2_Gun_Sabah_Dinlenme,84,K,25.4,131,76,81,0,23,0.48,Gergin,5,1,55,106.1,08:46,8.77
H084,2_Gun_Sabah_Yuruyus,84,K,25.4,132,76,83,0,23,0.32,Yorgun,5,1,56,109.6,09:07,9.11
H084,2_Gun_Aksam_Dinlenme,84,K,25.4,134,78,86,0,24,0.66,Yorgun,6,1,56,115.2,16:29,16.48
H084,2_Gun_Aksam_Yuruyus,84,K,25.4,133,77,84,0,32,0.63,Gergin,6,1,56,111.7,17:03,17.06
H084,3_Gun_Sabah_Dinlenme,84,K,25.4,123,71,71,0,3,0.0,Sakin,1,0,52,87.3,10:20,10.33
H084,3_Gun_Sabah_Yuruyus,84,K,25.4,134,77,85,0,31,0.88,Tedirgin,7,2,57,113.9,10:40,10.67
H084,3_Gun_Aksam_Dinlenme,84,K,25.4,129,75,79,0,12,0.35,Sakin,3,0,54,101.9,16:31,16.52
H084,3_Gun_Aksam_Yuruyus,84,K,25.4,130,75,81,0,22,0.57,Gergin,5,1,55,105.3,16:57,16.95
H085,0_Gun_Kabul,79,K,25.2,130,91,83,0,29,0.5,Yorgun,6,1,39,107.9,15:10,15.17
H085,0_Gun_Aksam,79,K,25.2,133,93,87,0,29,0.65,Tedirgin,7,2,40,115.7,15:43,15.71
H085,1_Gun_Sabah_Dinlenme,79,K,25.2,129,91,82,0,21,0.51,Yorgun,5,1,38,105.8,10:39,10.65
H085,1_Gun_Sabah_Yuruyus,79,K,25.2,135,94,90,0,45,0.87,Gergin,10,2,41,121.5,11:05,11.08
H085,1_Gun_Aksam_Dinlenme,79,K,25.2,132,92,86,0,31,0.62,Tedirgin,7,2,40,113.5,17:19,17.31
H085,1_Gun_Aksam_Yuruyus,79,K,25.2,130,91,83,0,25,0.84,Agrili,7,2,39,107.9,17:41,17.68
H085,2_Gun_Sabah_Dinlenme,79,K,25.2,130,92,84,0,23,0.62,Endiseli,5,1,38,109.2,10:20,10.33
H085,2_Gun_Sabah_Yuruyus,79,K,25.2,131,92,84,0,23,0.48,Endiseli,5,1,39,110.0,10:54,10.89
H085,2_Gun_Aksam_Dinlenme,79,K,25.2,129,91,82,0,29,0.58,Gergin,6,1,38,105.8,15:15,15.25
H085,2_Gun_Aksam_Yuruyus,79,K,25.2,135,94,90,0,31,0.71,Agrili,7,2,41,121.5,15:49,15.81
H085,3_Gun_Sabah_Dinlenme,79,K,25.2,122,87,74,0,8,0.28,Sakin,2,0,35,90.3,10:28,10.47
H085,3_Gun_Sabah_Yuruyus,79,K,25.2,132,93,86,0,22,0.6,Endiseli,6,1,39,113.5,10:45,10.74
H085,3_Gun_Aksam_Dinlenme,79,K,25.2,124,88,76,0,12,0.34,Yorgun,3,0,36,94.2,15:43,15.72
H085,3_Gun_Aksam_Yuruyus,79,K,25.2,125,88,77,0,15,0.27,Yorgun,3,0,37,96.2,16:13,16.21
H086,0_Gun_Kabul,68,K,29.6,126,83,93,0,30,0.7,Tedirgin,7,2,43,117.2,14:06,14.1
H086,0_Gun_Aksam,68,K,29.6,134,87,102,1,45,0.86,Tedirgin,9,2,47,136.7,16:40,16.66
H086,1_Gun_Sabah_Dinlenme,68,K,29.6,126,83,93,0,32,0.66,Agrili,7,2,43,117.2,09:37,9.61
H086,1_Gun_Sabah_Yuruyus,68,K,29.6,133,87,101,1,37,0.95,Agrili,9,2,46,134.3,10:04,10.07
H086,1_Gun_Aksam_Dinlenme,68,K,29.6,122,80,87,0,18,0.25,Endiseli,4,1,42,106.1,15:07,15.11
H086,1_Gun_Aksam_Yuruyus,68,K,29.6,134,87,102,1,41,0.96,Gergin,9,2,47,136.7,15:39,15.65
H086,2_Gun_Sabah_Dinlenme,68,K,29.6,128,84,94,0,20,0.7,Yorgun,5,1,44,120.3,11:11,11.18
H086,2_Gun_Sabah_Yuruyus,68,K,29.6,124,82,90,0,29,0.51,Endiseli,6,1,42,111.6,11:45,11.76
H086,2_Gun_Aksam_Dinlenme,68,K,29.6,125,82,91,0,16,0.16,Yorgun,4,1,43,113.8,16:48,16.8
H086,2_Gun_Aksam_Yuruyus,68,K,29.6,129,85,96,0,28,0.7,Agrili,7,2,44,123.8,17:06,17.09
H086,3_Gun_Sabah_Dinlenme,68,K,29.6,124,82,90,0,19,0.4,Endiseli,4,1,42,111.6,10:39,10.65
H086,3_Gun_Sabah_Yuruyus,68,K,29.6,121,80,86,0,13,0.35,Sakin,3,0,41,104.1,10:54,10.9
H086,3_Gun_Aksam_Dinlenme,68,K,29.6,119,79,84,0,15,0.03,Yorgun,2,0,40,100.0,15:03,15.05
H086,3_Gun_Aksam_Yuruyus,68,K,29.6,123,81,89,0,21,0.41,Yorgun,4,1,42,109.5,15:25,15.41
H087,0_Gun_Kabul,78,K,27.4,131,79,84,0,26,0.56,Yorgun,6,1,52,110.0,14:44,14.73
H087,0_Gun_Aksam,78,K,27.4,131,79,83,0,29,0.81,Yorgun,6,1,52,108.7,17:02,17.04
H087,1_Gun_Sabah_Dinlenme,78,K,27.4,126,76,77,0,20,0.55,Gergin,5,1,50,97.0,10:27,10.46
H087,1_Gun_Sabah_Yuruyus,78,K,27.4,139,84,94,0,32,0.89,Tedirgin,8,2,55,130.7,10:51,10.86
H087,1_Gun_Aksam_Dinlenme,78,K,27.4,140,84,95,0,35,0.57,Agrili,8,2,56,133.0,15:39,15.66
H087,1_Gun_Aksam_Yuruyus,78,K,27.4,137,83,91,0,41,0.93,Agrili,9,2,54,124.7,16:14,16.24
H087,2_Gun_Sabah_Dinlenme,78,K,27.4,124,75,75,0,15,0.48,Yorgun,4,1,49,93.0,09:49,9.82
H087,2_Gun_Sabah_Yuruyus,78,K,27.4,129,78,81,0,25,0.5,Endiseli,5,1,51,104.5,10:13,10.22
H087,2_Gun_Aksam_Dinlenme,78,K,27.4,127,77,79,0,17,0.39,Gergin,4,1,50,100.3,15:24,15.39
H087,2_Gun_Aksam_Yuruyus,78,K,27.4,131,79,83,0,24,0.7,Gergin,6,1,52,108.7,15:54,15.91
H087,3_Gun_Sabah_Dinlenme,78,K,27.4,122,74,73,0,11,0.22,Yorgun,2,0,48,89.1,10:29,10.48
H087,3_Gun_Sabah_Yuruyus,78,K,27.4,127,77,79,0,22,0.56,Yorgun,5,1,50,100.3,10:48,10.81
H087,3_Gun_Aksam_Dinlenme,78,K,27.4,124,75,75,0,12,0.28,Yorgun,3,0,49,93.0,15:12,15.2
H087,3_Gun_Aksam_Yuruyus,78,K,27.4,128,77,80,0,20,0.29,Endiseli,4,1,51,102.4,15:40,15.67
H088,0_Gun_Kabul,65,K,33.7,140,87,96,0,27,0.83,Tedirgin,8,2,53,134.4,14:59,14.98
H088,0_Gun_Aksam,65,K,33.7,137,85,92,0,26,0.73,Agrili,7,2,52,126.0,16:03,16.05
H088,1_Gun_Sabah_Dinlenme,65,K,33.7,131,82,85,0,25,0.41,Endiseli,5,1,49,111.4,11:08,11.13
H088,1_Gun_Sabah_Yuruyus,65,K,33.7,138,86,94,0,29,0.73,Agrili,7,2,52,129.7,11:26,11.43
H088,1_Gun_Aksam_Dinlenme,65,K,33.7,135,84,90,0,25,0.56,Endiseli,6,1,51,121.5,16:02,16.04
H088,1_Gun_Aksam_Yuruyus,65,K,33.7,138,85,93,0,36,0.57,Gergin,8,2,53,128.3,16:36,16.6
H088,2_Gun_Sabah_Dinlenme,65,K,33.7,127,79,80,0,24,0.6,Yorgun,5,1,48,101.6,09:48,9.8
H088,2_Gun_Sabah_Yuruyus,65,K,33.7,134,83,88,0,30,0.78,Agrili,8,2,51,117.9,10:16,10.26
H088,2_Gun_Aksam_Dinlenme,65,K,33.7,127,79,80,0,19,0.52,Yorgun,5,1,48,101.6,15:57,15.95
H088,2_Gun_Aksam_Yuruyus,65,K,33.7,134,83,88,0,30,0.8,Gergin,7,2,51,117.9,16:18,16.3
H088,3_Gun_Sabah_Dinlenme,65,K,33.7,126,78,78,0,18,0.27,Gergin,4,1,48,98.3,11:13,11.21
H088,3_Gun_Sabah_Yuruyus,65,K,33.7,125,78,77,0,19,0.45,Yorgun,4,1,47,96.2,11:36,11.6
H088,3_Gun_Aksam_Dinlenme,65,K,33.7,122,76,73,0,8,0.25,Yorgun,2,0,46,89.1,17:09,17.15
H088,3_Gun_Aksam_Yuruyus,65,K,33.7,124,77,76,0,12,0.38,Yorgun,3,0,47,94.2,17:28,17.47
H089,0_Gun_Kabul,79,E,35.9,144,82,97,0,38,0.79,Gergin,8,2,62,139.7,14:19,14.32
H089,0_Gun_Aksam,79,E,35.9,138,79,89,0,23,0.48,Yorgun,5,1,59,122.8,15:34,15.56
H089,1_Gun_Sabah_Dinlenme,79,E,35.9,143,82,96,0,32,0.78,Agrili,7,2,61,137.3,10:23,10.38
H089,1_Gun_Sabah_Yuruyus,79,E,35.9,144,83,98,0,34,0.65,Gergin,7,2,61,141.1,10:45,10.75
H089,1_Gun_Aksam_Dinlenme,79,E,35.9,140,80,92,0,26,0.4,Gergin,6,1,60,128.8,17:04,17.07
H089,1_Gun_Aksam_Yuruyus,79,E,35.9,137,79,89,0,29,0.88,Tedirgin,7,2,58,121.9,17:29,17.48
H089,2_Gun_Sabah_Dinlenme,79,E,35.9,136,78,87,0,20,0.53,Endiseli,5,1,58,118.3,11:10,11.17
H089,2_Gun_Sabah_Yuruyus,79,E,35.9,140,80,92,0,27,0.62,Yorgun,6,1,60,128.8,11:29,11.48
H089,2_Gun_Aksam_Dinlenme,79,E,35.9,131,75,81,0,14,0.4,Gergin,4,1,56,106.1,17:05,17.08
H089,2_Gun_Aksam_Yuruyus,79,E,35.9,139,80,91,0,28,0.72,Gergin,7,2,59,126.5,17:36,17.59
H089,3_Gun_Sabah_Dinlenme,79,E,35.9,128,73,77,0,7,0.23,Yorgun,2,0,55,98.6,10:41,10.68
H089,3_Gun_Sabah_Yuruyus,79,E,35.9,134,77,85,0,12,0.42,Gergin,4,1,57,113.9,11:13,11.21
H089,3_Gun_Aksam_Dinlenme,79,E,35.9,129,74,78,0,9,0.22,Yorgun,2,0,55,100.6,16:50,16.83
H089,3_Gun_Aksam_Yuruyus,79,E,35.9,130,74,79,0,8,0.61,Sakin,3,0,56,102.7,17:17,17.29
H090,0_Gun_Kabul,83,K,35.0,133,90,92,0,22,0.6,Gergin,6,1,43,122.4,14:12,14.2
H090,0_Gun_Aksam,83,K,35.0,130,88,87,0,25,0.31,Endiseli,5,1,42,113.1,15:34,15.57
H090,1_Gun_Sabah_Dinlenme,83,K,35.0,134,91,93,0,35,0.43,Gergin,6,1,43,124.6,11:03,11.05
H090,1_Gun_Sabah_Yuruyus,83,K,35.0,137,92,96,0,32,0.91,Tedirgin,7,2,45,131.5,11:30,11.51
H090,1_Gun_Aksam_Dinlenme,83,K,35.0,135,91,94,0,27,0.67,Gergin,7,2,44,126.9,16:55,16.91
H090,1_Gun_Aksam_Yuruyus,83,K,35.0,145,97,107,1,42,1.0,Agrili,10,2,48,155.2,17:19,17.32
H090,2_Gun_Sabah_Dinlenme,83,K,35.0,130,88,88,0,11,0.34,Yorgun,4,1,42,114.4,09:03,9.04
H090,2_Gun_Sabah_Yuruyus,83,K,35.0,132,89,90,0,32,0.9,Agrili,7,2,43,118.8,09:20,9.33
H090,2_Gun_Aksam_Dinlenme,83,K,35.0,129,87,86,0,10,0.48,Gergin,4,1,42,110.9,16:39,16.65
H090,2_Gun_Aksam_Yuruyus,83,K,35.0,133,90,92,0,28,0.64,Endiseli,6,1,43,122.4,17:02,17.04
H090,3_Gun_Sabah_Dinlenme,83,K,35.0,125,85,82,0,11,0.1,Yorgun,3,0,40,102.5,09:15,9.25
H090,3_Gun_Sabah_Yuruyus,83,K,35.0,129,87,86,0,22,0.41,Gergin,4,1,42,110.9,09:40,9.67
H090,3_Gun_Aksam_Dinlenme,83,K,35.0,127,87,84,0,10,0.34,Sakin,3,0,40,106.7,15:09,15.15
H090,3_Gun_Aksam_Yuruyus,83,K,35.0,128,87,85,0,25,0.38,Yorgun,4,1,41,108.8,15:36,15.6
H091,0_Gun_Kabul,81,E,37.5,140,84,92,0,31,0.83,Agrili,7,2,56,128.8,14:24,14.4
H091,0_Gun_Aksam,81,E,37.5,140,84,91,0,32,0.62,Gergin,7,2,56,127.4,17:06,17.1
H091,1_Gun_Sabah_Dinlenme,81,E,37.5,136,81,86,0,19,0.57,Endiseli,5,1,55,117.0,09:32,9.53
H091,1_Gun_Sabah_Yuruyus,81,E,37.5,140,84,92,0,37,0.92,Gergin,8,2,56,128.8,09:56,9.93
H091,1_Gun_Aksam_Dinlenme,81,E,37.5,137,82,88,0,23,0.52,Endiseli,5,1,55,120.6,15:02,15.03
H091,1_Gun_Aksam_Yuruyus,81,E,37.5,145,87,98,0,41,0.82,Agrili,9,2,58,142.1,15:18,15.3
H091,2_Gun_Sabah_Dinlenme,81,E,37.5,134,80,84,0,14,0.38,Yorgun,3,0,54,112.6,09:44,9.73
H091,2_Gun_Sabah_Yuruyus,81,E,37.5,140,84,92,0,22,0.58,Yorgun,6,1,56,128.8,10:08,10.14
H091,2_Gun_Aksam_Dinlenme,81,E,37.5,135,81,85,0,22,0.52,Endiseli,5,1,54,114.8,16:26,16.44
H091,2_Gun_Aksam_Yuruyus,81,E,37.5,152,91,106,1,36,0.79,Agrili,9,2,61,161.1,16:47,16.79
H091,3_Gun_Sabah_Dinlenme,81,E,37.5,131,79,81,0,10,0.31,Sakin,2,0,52,106.1,10:29,10.49
H091,3_Gun_Sabah_Yuruyus,81,E,37.5,137,82,88,0,10,0.38,Yorgun,4,1,55,120.6,11:01,11.02
H091,3_Gun_Aksam_Dinlenme,81,E,37.5,129,78,78,0,8,0.23,Yorgun,2,0,51,100.6,16:52,16.87
H091,3_Gun_Aksam_Yuruyus,81,E,37.5,130,78,79,0,1,0.23,Sakin,2,0,52,102.7,17:08,17.13
H092,0_Gun_Kabul,55,E,35.0,132,93,101,1,42,0.68,Gergin,9,2,39,133.3,14:43,14.72
H092,0_Gun_Aksam,55,E,35.0,127,90,94,0,34,0.85,Agrili,8,2,37,119.4,15:43,15.71
H092,1_Gun_Sabah_Dinlenme,55,E,35.0,132,94,101,1,34,0.66,Tedirgin,7,2,38,133.3,09:21,9.36
H092,1_Gun_Sabah_Yuruyus,55,E,35.0,127,90,95,0,33,0.71,Gergin,7,2,37,120.6,09:56,9.93
H092,1_Gun_Aksam_Dinlenme,55,E,35.0,128,91,96,0,25,0.72,Agrili,7,2,37,122.9,15:21,15.34
H092,1_Gun_Aksam_Yuruyus,55,E,35.0,128,91,97,0,40,0.76,Agrili,9,2,37,124.2,15:45,15.76
H092,2_Gun_Sabah_Dinlenme,55,E,35.0,123,88,89,0,26,0.65,Gergin,5,1,35,109.5,10:18,10.3
H092,2_Gun_Sabah_Yuruyus,55,E,35.0,126,90,94,0,34,0.6,Gergin,7,2,36,118.4,10:47,10.78
H092,2_Gun_Aksam_Dinlenme,55,E,35.0,120,86,86,0,16,0.38,Sakin,3,0,34,103.2,16:21,16.34
H092,2_Gun_Aksam_Yuruyus,55,E,35.0,124,89,92,0,27,0.67,Endiseli,6,1,35,114.1,16:36,16.6
H092,3_Gun_Sabah_Dinlenme,55,E,35.0,116,84,81,0,11,0.14,Sakin,2,0,32,94.0,09:34,9.57
H092,3_Gun_Sabah_Yuruyus,55,E,35.0,126,90,94,0,27,0.78,Gergin,6,1,36,118.4,09:59,9.99
H092,3_Gun_Aksam_Dinlenme,55,E,35.0,116,84,81,0,18,0.24,Sakin,2,0,32,94.0,15:13,15.21
H092,3_Gun_Aksam_Yuruyus,55,E,35.0,127,90,95,0,23,0.53,Yorgun,6,1,37,120.6,15:35,15.58
H093,0_Gun_Kabul,83,E,36.7,128,88,86,0,20,0.31,Gergin,5,1,40,110.1,14:03,14.05
H093,0_Gun_Aksam,83,E,36.7,129,89,87,0,31,0.75,Endiseli,6,1,40,112.2,15:39,15.66
H093,1_Gun_Sabah_Dinlenme,83,E,36.7,124,86,81,0,22,0.48,Gergin,5,1,38,100.4,09:45,9.74
H093,1_Gun_Sabah_Yuruyus,83,E,36.7,140,95,101,1,37,0.97,Tedirgin,9,2,45,141.4,10:02,10.04
H093,1_Gun_Aksam_Dinlenme,83,E,36.7,136,93,96,0,38,0.66,Agrili,8,2,43,130.6,16:22,16.36
H093,1_Gun_Aksam_Yuruyus,83,E,36.7,135,92,95,0,32,0.75,Agrili,7,2,43,128.2,16:51,16.84
H093,2_Gun_Sabah_Dinlenme,83,E,36.7,126,87,83,0,20,0.38,Yorgun,5,1,39,104.6,10:45,10.75
H093,2_Gun_Sabah_Yuruyus,83,E,36.7,129,89,87,0,27,0.56,Gergin,6,1,40,112.2,11:04,11.07
H093,2_Gun_Aksam_Dinlenme,83,E,36.7,123,86,81,0,16,0.28,Sakin,3,0,37,99.6,15:24,15.4
H093,2_Gun_Aksam_Yuruyus,83,E,36.7,128,88,86,0,23,0.67,Yorgun,6,1,40,110.1,15:41,15.69
H093,3_Gun_Sabah_Dinlenme,83,E,36.7,117,82,73,0,4,0.27,Yorgun,1,0,35,85.4,10:20,10.34
H093,3_Gun_Sabah_Yuruyus,83,E,36.7,126,87,84,0,20,0.38,Yorgun,4,1,39,105.8,10:50,10.83
H093,3_Gun_Aksam_Dinlenme,83,E,36.7,124,86,81,0,15,0.33,Endiseli,4,1,38,100.4,15:05,15.08
H093,3_Gun_Aksam_Yuruyus,83,E,36.7,125,87,83,0,20,0.58,Endiseli,5,1,38,103.8,15:38,15.64
H094,0_Gun_Kabul,75,E,31.1,137,92,91,0,42,0.71,Agrili,8,2,45,124.7,14:05,14.08
H094,0_Gun_Aksam,75,E,31.1,130,87,82,0,15,0.53,Yorgun,5,1,43,106.6,16:35,16.58
H094,1_Gun_Sabah_Dinlenme,75,E,31.1,130,87,81,0,21,0.58,Endiseli,5,1,43,105.3,10:31,10.52
H094,1_Gun_Sabah_Yuruyus,75,E,31.1,143,95,98,0,40,0.92,Tedirgin,9,2,48,140.1,11:04,11.06
H094,1_Gun_Aksam_Dinlenme,75,E,31.1,140,93,94,0,36,0.9,Agrili,8,2,47,131.6,16:43,16.71
H094,1_Gun_Aksam_Yuruyus,75,E,31.1,136,91,88,0,33,0.76,Agrili,8,2,45,119.7,17:14,17.23
H094,2_Gun_Sabah_Dinlenme,75,E,31.1,129,87,80,0,20,0.56,Endiseli,5,1,42,103.2,09:36,9.6
H094,2_Gun_Sabah_Yuruyus,75,E,31.1,137,92,91,0,41,0.76,Agrili,8,2,45,124.7,10:07,10.12
H094,2_Gun_Aksam_Dinlenme,75,E,31.1,128,86,79,0,20,0.52,Endiseli,4,1,42,101.1,15:12,15.19
H094,2_Gun_Aksam_Yuruyus,75,E,31.1,129,87,80,0,23,0.64,Yorgun,5,1,42,103.2,15:44,15.74
H094,3_Gun_Sabah_Dinlenme,75,E,31.1,125,85,75,0,12,0.31,Endiseli,4,1,40,93.8,10:07,10.12
H094,3_Gun_Sabah_Yuruyus,75,E,31.1,125,84,75,0,17,0.45,Yorgun,4,1,41,93.8,10:38,10.64
H094,3_Gun_Aksam_Dinlenme,75,E,31.1,126,85,76,0,20,0.53,Gergin,4,1,41,95.8,16:05,16.09
H094,3_Gun_Aksam_Yuruyus,75,E,31.1,125,85,75,0,18,0.6,Sakin,3,0,40,93.8,16:33,16.55
H095,0_Gun_Kabul,58,E,28.2,125,92,87,0,29,0.67,Tedirgin,7,2,33,108.8,14:47,14.79
H095,0_Gun_Aksam,58,E,28.2,124,92,87,0,28,0.44,Agrili,7,2,32,107.9,16:58,16.96
H095,1_Gun_Sabah_Dinlenme,58,E,28.2,119,89,80,0,15,0.47,Endiseli,4,1,30,95.2,08:57,8.95
H095,1_Gun_Sabah_Yuruyus,58,E,28.2,127,93,90,0,33,0.91,Tedirgin,8,2,34,114.3,09:13,9.22
H095,1_Gun_Aksam_Dinlenme,58,E,28.2,130,95,94,0,38,0.83,Tedirgin,8,2,35,122.2,15:36,15.59
H095,1_Gun_Aksam_Yuruyus,58,E,28.2,132,96,96,0,42,0.96,Tedirgin,10,2,36,126.7,15:54,15.9
H095,2_Gun_Sabah_Dinlenme,58,E,28.2,122,90,84,0,21,0.57,Gergin,5,1,32,102.5,10:56,10.93
H095,2_Gun_Sabah_Yuruyus,58,E,28.2,126,93,89,0,31,0.71,Tedirgin,7,2,33,112.1,11:15,11.25
H095,2_Gun_Aksam_Dinlenme,58,E,28.2,123,91,85,0,25,0.36,Gergin,5,1,32,104.6,17:21,17.34
H095,2_Gun_Aksam_Yuruyus,58,E,28.2,122,90,83,0,26,0.63,Yorgun,5,1,32,101.3,17:42,17.7
H095,3_Gun_Sabah_Dinlenme,58,E,28.2,116,86,76,0,6,0.25,Yorgun,2,0,30,88.2,09:12,9.21
H095,3_Gun_Sabah_Yuruyus,58,E,28.2,122,90,84,0,15,0.34,Endiseli,4,1,32,102.5,09:43,9.72
H095,3_Gun_Aksam_Dinlenme,58,E,28.2,113,85,72,0,8,0.11,Yorgun,1,0,28,81.4,16:35,16.58
H095,3_Gun_Aksam_Yuruyus,58,E,28.2,118,88,79,0,13,0.48,Yorgun,4,1,30,93.2,17:00,17.0
H096,0_Gun_Kabul,59,K,32.0,131,91,94,0,36,0.65,Tedirgin,7,2,40,123.1,14:50,14.83
H096,0_Gun_Aksam,59,K,32.0,136,93,100,0,30,0.56,Tedirgin,7,2,43,136.0,16:56,16.94
H096,1_Gun_Sabah_Dinlenme,59,K,32.0,132,91,95,0,27,0.59,Gergin,6,1,41,125.4,09:19,9.32
H096,1_Gun_Sabah_Yuruyus,59,K,32.0,137,94,101,1,38,0.79,Tedirgin,8,2,43,138.4,09:54,9.9
H096,1_Gun_Aksam_Dinlenme,59,K,32.0,132,91,95,0,28,0.54,Gergin,6,1,41,125.4,17:20,17.34
H096,1_Gun_Aksam_Yuruyus,59,K,32.0,137,94,101,1,43,0.81,Tedirgin,9,2,43,138.4,17:48,17.81
H096,2_Gun_Sabah_Dinlenme,59,K,32.0,127,88,89,0,17,0.42,Yorgun,5,1,39,113.0,09:15,9.25
H096,2_Gun_Sabah_Yuruyus,59,K,32.0,127,88,89,0,16,0.59,Yorgun,5,1,39,113.0,09:44,9.73
H096,2_Gun_Aksam_Dinlenme,59,K,32.0,125,87,86,0,22,0.47,Gergin,4,1,38,107.5,15:10,15.17
H096,2_Gun_Aksam_Yuruyus,59,K,32.0,133,91,96,0,37,0.72,Agrili,7,2,42,127.7,15:26,15.43
H096,3_Gun_Sabah_Dinlenme,59,K,32.0,120,84,80,0,13,0.17,Yorgun,2,0,36,96.0,09:24,9.39
H096,3_Gun_Sabah_Yuruyus,59,K,32.0,121,85,82,0,11,0.32,Sakin,3,0,36,99.2,09:48,9.8
H096,3_Gun_Aksam_Dinlenme,59,K,32.0,120,84,80,0,12,0.21,Sakin,2,0,36,96.0,17:05,17.08
H096,3_Gun_Aksam_Yuruyus,59,K,32.0,123,86,83,0,14,0.37,Sakin,3,0,37,102.1,17:35,17.58
H097,0_Gun_Kabul,63,K,28.6,128,88,85,0,25,0.64,Yorgun,6,1,40,108.8,15:07,15.11
H097,0_Gun_Aksam,63,K,28.6,128,88,85,0,30,0.73,Endiseli,6,1,40,108.8,16:21,16.35
H097,1_Gun_Sabah_Dinlenme,63,K,28.6,122,85,78,0,29,0.44,Yorgun,6,1,37,95.2,09:37,9.61
H097,1_Gun_Sabah_Yuruyus,63,K,28.6,127,88,84,0,24,0.66,Gergin,6,1,39,106.7,09:59,9.99
H097,1_Gun_Aksam_Dinlenme,63,K,28.6,120,84,75,0,15,0.4,Yorgun,4,1,36,90.0,17:22,17.37
H097,1_Gun_Aksam_Yuruyus,63,K,28.6,133,91,91,0,35,0.7,Tedirgin,8,2,42,121.0,17:38,17.63
H097,2_Gun_Sabah_Dinlenme,63,K,28.6,119,83,74,0,12,0.07,Sakin,3,0,36,88.1,10:55,10.92
H097,2_Gun_Sabah_Yuruyus,63,K,28.6,124,86,80,0,28,0.7,Endiseli,6,1,38,99.2,11:22,11.36
H097,2_Gun_Aksam_Dinlenme,63,K,28.6,119,83,74,0,16,0.51,Yorgun,4,1,36,88.1,16:03,16.05
H097,2_Gun_Aksam_Yuruyus,63,K,28.6,134,92,93,0,37,0.97,Tedirgin,8,2,42,124.6,16:33,16.54
H097,3_Gun_Sabah_Dinlenme,63,K,28.6,116,81,70,0,7,0.15,Sakin,2,0,35,81.2,09:58,9.97
H097,3_Gun_Sabah_Yuruyus,63,K,28.6,120,84,75,0,12,0.27,Yorgun,3,0,36,90.0,10:30,10.51
H097,3_Gun_Aksam_Dinlenme,63,K,28.6,117,82,72,0,5,0.25,Sakin,2,0,35,84.2,17:10,17.16
H097,3_Gun_Aksam_Yuruyus,63,K,28.6,124,86,80,0,28,0.8,Gergin,6,1,38,99.2,17:33,17.55
H098,0_Gun_Kabul,57,E,25.5,146,89,98,0,33,0.78,Gergin,8,2,57,143.1,14:25,14.42
H098,0_Gun_Aksam,57,E,25.5,146,88,98,0,33,0.69,Agrili,8,2,58,143.1,16:41,16.68
H098,1_Gun_Sabah_Dinlenme,57,E,25.5,140,85,91,0,25,0.68,Yorgun,5,1,55,127.4,11:02,11.03
H098,1_Gun_Sabah_Yuruyus,57,E,25.5,144,88,96,0,32,0.66,Agrili,7,2,56,138.2,11:21,11.35
H098,1_Gun_Aksam_Dinlenme,57,E,25.5,138,84,88,0,14,0.43,Gergin,4,1,54,121.4,16:30,16.5
H098,1_Gun_Aksam_Yuruyus,57,E,25.5,153,93,108,1,43,0.82,Tedirgin,9,2,60,165.2,16:57,16.96
H098,2_Gun_Sabah_Dinlenme,57,E,25.5,140,85,91,0,16,0.42,Yorgun,4,1,55,127.4,10:35,10.58
H098,2_Gun_Sabah_Yuruyus,57,E,25.5,139,85,90,0,28,0.65,Endiseli,6,1,54,125.1,10:53,10.88
H098,2_Gun_Aksam_Dinlenme,57,E,25.5,136,83,86,0,12,0.28,Yorgun,3,0,53,117.0,16:43,16.72
H098,2_Gun_Aksam_Yuruyus,57,E,25.5,143,87,95,0,31,0.88,Tedirgin,7,2,56,135.8,17:16,17.27
H098,3_Gun_Sabah_Dinlenme,57,E,25.5,131,80,79,0,1,0.05,Sakin,1,0,51,103.5,09:12,9.2
H098,3_Gun_Sabah_Yuruyus,57,E,25.5,138,84,88,0,19,0.34,Yorgun,4,1,54,121.4,09:32,9.53
H098,3_Gun_Aksam_Dinlenme,57,E,25.5,140,85,90,0,13,0.26,Yorgun,4,1,55,126.0,17:20,17.33
H098,3_Gun_Aksam_Yuruyus,57,E,25.5,139,84,89,0,17,0.38,Yorgun,4,1,55,123.7,17:39,17.64
H099,0_Gun_Kabul,71,E,25.3,131,92,92,0,34,0.83,Tedirgin,8,2,39,120.5,15:17,15.28
H099,0_Gun_Aksam,71,E,25.3,128,89,87,0,35,0.62,Gergin,7,2,39,111.4,16:29,16.48
H099,1_Gun_Sabah_Dinlenme,71,E,25.3,129,90,88,0,32,0.67,Agrili,7,2,39,113.5,09:22,9.37
H099,1_Gun_Sabah_Yuruyus,71,E,25.3,133,93,94,0,42,0.69,Tedirgin,8,2,40,125.0,09:54,9.91
H099,1_Gun_Aksam_Dinlenme,71,E,25.3,128,90,87,0,35,0.91,Gergin,8,2,38,111.4,16:04,16.07
H099,1_Gun_Aksam_Yuruyus,71,E,25.3,133,92,93,0,34,0.93,Gergin,8,2,41,123.7,16:29,16.49
H099,2_Gun_Sabah_Dinlenme,71,E,25.3,128,90,88,0,22,0.57,Yorgun,6,1,38,112.6,09:39,9.65
H099,2_Gun_Sabah_Yuruyus,71,E,25.3,126,88,84,0,26,0.57,Tedirgin,7,2,38,105.8,10:06,10.1
H099,2_Gun_Aksam_Dinlenme,71,E,25.3,121,85,78,0,16,0.52,Yorgun,5,1,36,94.4,15:24,15.39
H099,2_Gun_Aksam_Yuruyus,71,E,25.3,122,86,79,0,24,0.57,Endiseli,6,1,36,96.4,15:46,15.77
H099,3_Gun_Sabah_Dinlenme,71,E,25.3,116,83,73,0,11,0.23,Sakin,2,0,33,84.7,11:10,11.17
H099,3_Gun_Sabah_Yuruyus,71,E,25.3,127,89,86,0,25,0.48,Endiseli,6,1,38,109.2,11:31,11.51
H099,3_Gun_Aksam_Dinlenme,71,E,25.3,118,84,75,0,11,0.32,Sakin,3,0,34,88.5,16:35,16.58
H099,3_Gun_Aksam_Yuruyus,71,E,25.3,123,87,81,0,20,0.57,Gergin,5,1,36,99.6,16:56,16.93
H100,0_Gun_Kabul,81,E,27.1,145,81,98,0,25,0.66,Yorgun,6,1,64,142.1,15:10,15.16
H100,0_Gun_Aksam,81,E,27.1,146,81,99,0,35,0.77,Tedirgin,8,2,65,144.5,15:46,15.76
H100,1_Gun_Sabah_Dinlenme,81,E,27.1,139,77,91,0,31,0.73,Yorgun,6,1,62,126.5,11:10,11.17
H100,1_Gun_Sabah_Yuruyus,81,E,27.1,143,79,96,0,24,0.54,Yorgun,6,1,64,137.3,11:35,11.58
H100,1_Gun_Aksam_Dinlenme,81,E,27.1,141,78,93,0,30,0.77,Agrili,7,2,63,131.1,15:34,15.57
H100,1_Gun_Aksam_Yuruyus,81,E,27.1,138,77,90,0,21,0.49,Gergin,5,1,61,124.2,15:50,15.84
H100,2_Gun_Sabah_Dinlenme,81,E,27.1,141,78,93,0,24,0.68,Gergin,6,1,63,131.1,09:10,9.17
H100,2_Gun_Sabah_Yuruyus,81,E,27.1,138,77,90,0,20,0.48,Endiseli,5,1,61,124.2,09:36,9.6
H100,2_Gun_Aksam_Dinlenme,81,E,27.1,139,77,91,0,17,0.26,Yorgun,4,1,62,126.5,15:49,15.81
H100,2_Gun_Aksam_Yuruyus,81,E,27.1,141,78,93,0,28,0.64,Agrili,7,2,63,131.1,16:20,16.34
H100,3_Gun_Sabah_Dinlenme,81,E,27.1,133,74,84,0,9,0.22,Yorgun,2,0,59,111.7,09:50,9.83
H100,3_Gun_Sabah_Yuruyus,81,E,27.1,134,74,85,0,16,0.21,Sakin,3,0,60,113.9,10:10,10.16
H100,3_Gun_Aksam_Dinlenme,81,E,27.1,135,75,86,0,15,0.33,Gergin,4,1,60,116.1,16:29,16.48
H100,3_Gun_Aksam_Yuruyus,81,E,27.1,135,75,86,0,20,0.63,Yorgun,4,1,60,116.1,16:58,16.97
H101,0_Gun_Kabul,69,K,30.4,127,90,84,0,17,0.41,Yorgun,5,1,37,106.7,14:15,14.25
H101,0_Gun_Aksam,69,K,30.4,134,95,94,0,35,0.75,Agrili,8,2,39,126.0,15:50,15.84
H101,1_Gun_Sabah_Dinlenme,69,K,30.4,126,90,83,0,27,0.91,Tedirgin,7,2,36,104.6,08:51,8.84
H101,1_Gun_Sabah_Yuruyus,69,K,30.4,136,96,96,0,42,0.74,Gergin,9,2,40,130.6,09:20,9.34
H101,1_Gun_Aksam_Dinlenme,69,K,30.4,121,87,77,0,14,0.52,Yorgun,4,1,34,93.2,16:36,16.59
H101,1_Gun_Aksam_Yuruyus,69,K,30.4,139,97,99,0,37,0.91,Tedirgin,9,2,42,137.6,17:00,17.0
H101,2_Gun_Sabah_Dinlenme,69,K,30.4,128,91,86,0,21,0.51,Gergin,6,1,37,110.1,10:52,10.86
H101,2_Gun_Sabah_Yuruyus,69,K,30.4,123,88,79,0,25,0.54,Endiseli,5,1,35,97.2,11:23,11.38
H101,2_Gun_Aksam_Dinlenme,69,K,30.4,125,89,82,0,24,0.42,Endiseli,5,1,36,102.5,16:24,16.4
H101,2_Gun_Aksam_Yuruyus,69,K,30.4,128,91,86,0,28,0.65,Endiseli,6,1,37,110.1,16:57,16.94
H101,3_Gun_Sabah_Dinlenme,69,K,30.4,121,87,77,0,19,0.43,Gergin,4,1,34,93.2,09:16,9.26
H101,3_Gun_Sabah_Yuruyus,69,K,30.4,121,87,77,0,22,0.4,Yorgun,4,1,34,93.2,09:33,9.55
H101,3_Gun_Aksam_Dinlenme,69,K,30.4,125,89,81,0,18,0.38,Yorgun,4,1,36,101.2,15:39,15.65
H101,3_Gun_Aksam_Yuruyus,69,K,30.4,127,90,85,0,29,0.55,Yorgun,6,1,37,108.0,15:55,15.92
H102,0_Gun_Kabul,81,K,22.9,147,86,96,0,35,0.89,Agrili,8,2,61,141.1,14:48,14.8
H102,0_Gun_Aksam,81,K,22.9,147,86,96,0,36,0.61,Tedirgin,8,2,61,141.1,17:22,17.37
H102,1_Gun_Sabah_Dinlenme,81,K,22.9,142,83,89,0,30,0.83,Yorgun,6,1,59,126.4,08:51,8.85
H102,1_Gun_Sabah_Yuruyus,81,K,22.9,139,82,86,0,28,0.69,Yorgun,6,1,57,119.5,09:08,9.14
H102,1_Gun_Aksam_Dinlenme,81,K,22.9,140,82,86,0,13,0.45,Endiseli,4,1,58,120.4,16:05,16.09
H102,1_Gun_Aksam_Yuruyus,81,K,22.9,145,85,93,0,30,0.75,Agrili,7,2,60,134.8,16:39,16.65
H102,2_Gun_Sabah_Dinlenme,81,K,22.9,136,80,82,0,12,0.44,Sakin,3,0,56,111.5,09:32,9.54
H102,2_Gun_Sabah_Yuruyus,81,K,22.9,144,84,91,0,41,0.78,Tedirgin,8,2,60,131.0,09:58,9.96
H102,2_Gun_Aksam_Dinlenme,81,K,22.9,141,83,88,0,19,0.48,Gergin,5,1,58,124.1,15:06,15.1
H102,2_Gun_Aksam_Yuruyus,81,K,22.9,143,84,91,0,28,0.53,Yorgun,6,1,59,130.1,15:24,15.4
H102,3_Gun_Sabah_Dinlenme,81,K,22.9,138,81,85,0,21,0.47,Gergin,4,1,57,117.3,11:13,11.22
H102,3_Gun_Sabah_Yuruyus,81,K,22.9,139,81,85,0,20,0.47,Gergin,4,1,58,118.2,11:47,11.79
H102,3_Gun_Aksam_Dinlenme,81,K,22.9,135,79,81,0,16,0.26,Yorgun,3,0,56,109.4,15:01,15.01
H102,3_Gun_Aksam_Yuruyus,81,K,22.9,138,81,85,0,11,0.65,Yorgun,4,1,57,117.3,15:35,15.58
H103,0_Gun_Kabul,74,E,28.8,142,85,95,0,30,0.8,Agrili,7,2,57,134.9,14:58,14.96
H103,0_Gun_Aksam,74,E,28.8,138,82,90,0,22,0.68,Endiseli,6,1,56,124.2,17:14,17.24
H103,1_Gun_Sabah_Dinlenme,74,E,28.8,138,82,90,0,20,0.59,Yorgun,5,1,56,124.2,09:53,9.89
H103,1_Gun_Sabah_Yuruyus,74,E,28.8,141,84,94,0,35,0.69,Agrili,8,2,57,132.5,10:19,10.31
H103,1_Gun_Aksam_Dinlenme,74,E,28.8,141,84,93,0,27,0.61,Endiseli,6,1,57,131.1,16:10,16.17
H103,1_Gun_Aksam_Yuruyus,74,E,28.8,140,83,92,0,26,0.7,Agrili,7,2,57,128.8,16:39,16.65
H103,2_Gun_Sabah_Dinlenme,74,E,28.8,139,83,91,0,24,0.67,Endiseli,5,1,56,126.5,09:06,9.1
H103,2_Gun_Sabah_Yuruyus,74,E,28.8,144,86,97,0,27,0.67,Yorgun,6,1,58,139.7,09:22,9.36
H103,2_Gun_Aksam_Dinlenme,74,E,28.8,135,80,86,0,20,0.49,Endiseli,4,1,55,116.1,15:44,15.74
H103,2_Gun_Aksam_Yuruyus,74,E,28.8,147,88,102,1,30,0.52,Tedirgin,7,2,59,149.9,16:13,16.22
H103,3_Gun_Sabah_Dinlenme,74,E,28.8,135,81,87,0,14,0.36,Yorgun,3,0,54,117.4,09:15,9.25
H103,3_Gun_Sabah_Yuruyus,74,E,28.8,139,83,92,0,22,0.51,Gergin,5,1,56,127.9,09:44,9.73
H103,3_Gun_Aksam_Dinlenme,74,E,28.8,134,80,85,0,19,0.36,Endiseli,4,1,54,113.9,17:20,17.33
H103,3_Gun_Aksam_Yuruyus,74,E,28.8,134,80,85,0,20,0.4,Endiseli,4,1,54,113.9,17:37,17.61
H104,0_Gun_Kabul,81,K,27.3,123,83,81,0,28,0.6,Yorgun,6,1,40,99.6,15:01,15.01
H104,0_Gun_Aksam,81,K,27.3,121,82,78,0,22,0.64,Endiseli,5,1,39,94.4,16:23,16.39
H104,1_Gun_Sabah_Dinlenme,81,K,27.3,125,84,84,0,31,0.79,Gergin,7,2,41,105.0,10:55,10.92
H104,1_Gun_Sabah_Yuruyus,81,K,27.3,134,90,95,0,38,0.97,Tedirgin,9,2,44,127.3,11:14,11.23
H104,1_Gun_Aksam_Dinlenme,81,K,27.3,124,84,83,0,31,0.42,Endiseli,6,1,40,102.9,16:40,16.66
H104,1_Gun_Aksam_Yuruyus,81,K,27.3,132,88,92,0,41,1.0,Gergin,9,2,44,121.4,17:12,17.19
H104,2_Gun_Sabah_Dinlenme,81,K,27.3,118,80,75,0,21,0.52,Endiseli,4,1,38,88.5,11:07,11.11
H104,2_Gun_Sabah_Yuruyus,81,K,27.3,123,83,81,0,28,0.64,Yorgun,6,1,40,99.6,11:35,11.59
H104,2_Gun_Aksam_Dinlenme,81,K,27.3,121,82,79,0,23,0.75,Endiseli,6,1,39,95.6,16:12,16.19
H104,2_Gun_Aksam_Yuruyus,81,K,27.3,125,85,84,0,28,0.58,Gergin,7,2,40,105.0,16:39,16.65
H104,3_Gun_Sabah_Dinlenme,81,K,27.3,118,81,75,0,15,0.29,Yorgun,3,0,37,88.5,10:55,10.92
H104,3_Gun_Sabah_Yuruyus,81,K,27.3,121,82,79,0,19,0.41,Gergin,5,1,39,95.6,11:22,11.36
H104,3_Gun_Aksam_Dinlenme,81,K,27.3,119,81,76,0,14,0.3,Endiseli,4,1,38,90.4,15:04,15.07
H104,3_Gun_Aksam_Yuruyus,81,K,27.3,120,82,78,0,18,0.54,Yorgun,5,1,38,93.6,15:38,15.63
H105,0_Gun_Kabul,82,K,34.3,131,81,96,0,33,0.76,Gergin,7,2,50,125.8,15:02,15.03
H105,0_Gun_Aksam,82,K,34.3,137,84,103,1,31,0.74,Gergin,7,2,53,141.1,16:51,16.85
H105,1_Gun_Sabah_Dinlenme,82,K,34.3,132,81,97,0,32,0.59,Gergin,8,2,51,128.0,09:17,9.29
H105,1_Gun_Sabah_Yuruyus,82,K,34.3,135,82,100,0,26,0.54,Gergin,6,1,53,135.0,09:46,9.76
H105,1_Gun_Aksam_Dinlenme,82,K,34.3,129,79,93,0,23,0.62,Yorgun,6,1,50,120.0,15:57,15.95
H105,1_Gun_Aksam_Yuruyus,82,K,34.3,138,85,105,1,30,0.7,Agrili,7,2,53,144.9,16:25,16.41
H105,2_Gun_Sabah_Dinlenme,82,K,34.3,129,79,93,0,30,0.57,Gergin,6,1,50,120.0,09:01,9.02
H105,2_Gun_Sabah_Yuruyus,82,K,34.3,129,79,92,0,21,0.37,Endiseli,5,1,50,118.7,09:29,9.49
H105,2_Gun_Aksam_Dinlenme,82,K,34.3,126,77,89,0,17,0.31,Gergin,4,1,49,112.1,17:24,17.4
H105,2_Gun_Aksam_Yuruyus,82,K,34.3,135,83,101,1,30,0.64,Yorgun,6,1,52,136.4,17:40,17.66
H105,3_Gun_Sabah_Dinlenme,82,K,34.3,122,75,84,0,6,0.12,Yorgun,2,0,47,102.5,11:12,11.19
H105,3_Gun_Sabah_Yuruyus,82,K,34.3,132,81,97,0,17,0.68,Endiseli,5,1,51,128.0,11:35,11.58
H105,3_Gun_Aksam_Dinlenme,82,K,34.3,124,77,87,0,14,0.11,Yorgun,3,0,47,107.9,17:05,17.09
H105,3_Gun_Aksam_Yuruyus,82,K,34.3,127,78,90,0,17,0.42,Yorgun,4,1,49,114.3,17:36,17.6
H106,0_Gun_Kabul,73,K,22.6,152,85,101,1,38,0.85,Gergin,9,2,67,153.5,14:51,14.85
H106,0_Gun_Aksam,73,K,22.6,144,81,91,0,31,0.76,Tedirgin,8,2,63,131.0,16:59,16.98
H106,1_Gun_Sabah_Dinlenme,73,K,22.6,136,76,81,0,18,0.6,Yorgun,4,1,60,110.2,10:57,10.95
H106,1_Gun_Sabah_Yuruyus,73,K,22.6,146,82,94,0,26,0.64,Endiseli,6,1,64,137.2,11:20,11.33
H106,1_Gun_Aksam_Dinlenme,73,K,22.6,144,80,91,0,31,0.72,Gergin,7,2,64,131.0,15:47,15.78
H106,1_Gun_Aksam_Yuruyus,73,K,22.6,143,80,90,0,31,0.62,Agrili,7,2,63,128.7,16:15,16.26
H106,2_Gun_Sabah_Dinlenme,73,K,22.6,138,77,83,0,22,0.6,Yorgun,5,1,61,114.5,10:46,10.77
H106,2_Gun_Sabah_Yuruyus,73,K,22.6,142,79,88,0,24,0.54,Gergin,6,1,63,125.0,11:16,11.27
H106,2_Gun_Aksam_Dinlenme,73,K,22.6,143,80,89,0,19,0.54,Yorgun,5,1,63,127.3,16:55,16.91
H106,2_Gun_Aksam_Yuruyus,73,K,22.6,147,82,94,0,34,0.7,Tedirgin,7,2,65,138.2,17:19,17.31
H106,3_Gun_Sabah_Dinlenme,73,K,22.6,136,76,81,0,19,0.38,Endiseli,4,1,60,110.2,10:48,10.79
H106,3_Gun_Sabah_Yuruyus,73,K,22.6,141,79,87,0,29,0.55,Gergin,6,1,62,122.7,11:05,11.08
H106,3_Gun_Aksam_Dinlenme,73,K,22.6,136,76,81,0,15,0.15,Sakin,3,0,60,110.2,16:18,16.31
H106,3_Gun_Aksam_Yuruyus,73,K,22.6,137,76,82,0,11,0.23,Gergin,4,1,61,112.3,16:34,16.56
H107,0_Gun_Kabul,61,K,29.2,136,86,97,0,29,0.7,Gergin,7,2,50,131.9,14:29,14.49
H107,0_Gun_Aksam,61,K,29.2,133,85,94,0,32,0.56,Agrili,7,2,48,125.0,16:14,16.23
H107,1_Gun_Sabah_Dinlenme,61,K,29.2,133,84,94,0,21,0.61,Gergin,5,1,49,125.0,09:44,9.74
H107,1_Gun_Sabah_Yuruyus,61,K,29.2,134,85,94,0,30,0.69,Gergin,7,2,49,126.0,10:13,10.22
H107,1_Gun_Aksam_Dinlenme,61,K,29.2,140,88,102,1,32,0.68,Gergin,7,2,52,142.8,15:56,15.93
H107,1_Gun_Aksam_Yuruyus,61,K,29.2,139,88,101,1,34,0.79,Tedirgin,8,2,51,140.4,16:20,16.33
H107,2_Gun_Sabah_Dinlenme,61,K,29.2,129,82,89,0,20,0.61,Gergin,5,1,47,114.8,09:21,9.34
H107,2_Gun_Sabah_Yuruyus,61,K,29.2,131,83,91,0,22,0.41,Gergin,6,1,48,119.2,09:43,9.72
H107,2_Gun_Aksam_Dinlenme,61,K,29.2,128,81,87,0,14,0.25,Yorgun,3,0,47,111.4,15:33,15.55
H107,2_Gun_Aksam_Yuruyus,61,K,29.2,137,87,99,0,27,0.6,Tedirgin,7,2,50,135.6,15:49,15.82
H107,3_Gun_Sabah_Dinlenme,61,K,29.2,122,78,80,0,4,0.02,Yorgun,1,0,44,97.6,10:16,10.26
H107,3_Gun_Sabah_Yuruyus,61,K,29.2,134,85,95,0,25,0.49,Yorgun,5,1,49,127.3,10:44,10.73
H107,3_Gun_Aksam_Dinlenme,61,K,29.2,124,79,83,0,10,0.14,Sakin,2,0,45,102.9,16:29,16.49
H107,3_Gun_Aksam_Yuruyus,61,K,29.2,128,82,88,0,21,0.52,Gergin,4,1,46,112.6,16:53,16.89
H108,0_Gun_Kabul,75,E,27.0,135,78,84,0,21,0.35,Gergin,5,1,57,113.4,14:34,14.57
H108,0_Gun_Aksam,75,E,27.0,140,81,90,0,29,0.56,Agrili,7,2,59,126.0,17:14,17.23
H108,1_Gun_Sabah_Dinlenme,75,E,27.0,135,78,84,0,29,0.71,Yorgun,6,1,57,113.4,10:03,10.05
H108,1_Gun_Sabah_Yuruyus,75,E,27.0,144,83,94,0,27,0.59,Tedirgin,7,2,61,135.4,10:27,10.46
H108,1_Gun_Aksam_Dinlenme,75,E,27.0,142,81,92,0,27,0.66,Endiseli,6,1,61,130.6,15:04,15.06
H108,1_Gun_Aksam_Yuruyus,75,E,27.0,142,81,92,0,28,0.76,Agrili,7,2,61,130.6,15:26,15.43
H108,2_Gun_Sabah_Dinlenme,75,E,27.0,136,78,85,0,32,0.76,Gergin,6,1,58,115.6,09:42,9.7
H108,2_Gun_Sabah_Yuruyus,75,E,27.0,142,82,93,0,36,0.45,Tedirgin,7,2,60,132.1,10:05,10.08
H108,2_Gun_Aksam_Dinlenme,75,E,27.0,137,79,87,0,19,0.59,Yorgun,5,1,58,119.2,16:24,16.39
H108,2_Gun_Aksam_Yuruyus,75,E,27.0,136,78,85,0,26,0.58,Gergin,6,1,58,115.6,16:49,16.82
H108,3_Gun_Sabah_Dinlenme,75,E,27.0,130,75,77,0,9,0.3,Sakin,2,0,55,100.1,10:16,10.27
H108,3_Gun_Sabah_Yuruyus,75,E,27.0,132,76,80,0,11,0.31,Yorgun,3,0,56,105.6,10:46,10.77
H108,3_Gun_Aksam_Dinlenme,75,E,27.0,129,74,76,0,7,0.36,Yorgun,2,0,55,98.0,16:57,16.95
H108,3_Gun_Aksam_Yuruyus,75,E,27.0,139,80,89,0,16,0.57,Gergin,5,1,59,123.7,17:26,17.44
H109,0_Gun_Kabul,56,E,34.5,146,81,89,0,34,0.92,Tedirgin,7,2,65,129.9,15:26,15.43
H109,0_Gun_Aksam,56,E,34.5,147,81,89,0,44,1.0,Tedirgin,9,2,66,130.8,15:32,15.54
H109,1_Gun_Sabah_Dinlenme,56,E,34.5,136,75,76,0,21,0.45,Endiseli,4,1,61,103.4,09:14,9.24
H109,1_Gun_Sabah_Yuruyus,56,E,34.5,146,81,88,0,30,0.8,Gergin,7,2,65,128.5,09:30,9.49
H109,1_Gun_Aksam_Dinlenme,56,E,34.5,137,75,77,0,19,0.29,Endiseli,4,1,62,105.5,16:33,16.55
H109,1_Gun_Aksam_Yuruyus,56,E,34.5,152,84,96,0,44,0.89,Agrili,9,2,68,145.9,17:06,17.1
H109,2_Gun_Sabah_Dinlenme,56,E,34.5,146,80,88,0,26,0.61,Endiseli,6,1,66,128.5,09:22,9.36
H109,2_Gun_Sabah_Yuruyus,56,E,34.5,152,84,96,0,30,0.9,Gergin,8,2,68,145.9,09:55,9.92
H109,2_Gun_Aksam_Dinlenme,56,E,34.5,136,75,76,0,12,0.5,Yorgun,4,1,61,103.4,15:09,15.14
H109,2_Gun_Aksam_Yuruyus,56,E,34.5,141,78,82,0,30,0.48,Endiseli,6,1,63,115.6,15:42,15.71
H109,3_Gun_Sabah_Dinlenme,56,E,34.5,133,73,72,0,9,0.18,Sakin,2,0,60,95.8,09:38,9.63
H109,3_Gun_Sabah_Yuruyus,56,E,34.5,139,76,79,0,26,0.2,Yorgun,5,1,63,109.8,09:55,9.91
H109,3_Gun_Aksam_Dinlenme,56,E,34.5,135,74,74,0,13,0.25,Sakin,3,0,61,99.9,16:10,16.17
H109,3_Gun_Aksam_Yuruyus,56,E,34.5,139,77,80,0,13,0.37,Gergin,4,1,62,111.2,16:30,16.5
H110,0_Gun_Kabul,63,E,32.2,142,97,104,1,36,0.98,Tedirgin,8,2,45,147.7,14:26,14.43
H110,0_Gun_Aksam,63,E,32.2,134,92,93,0,30,0.49,Agrili,7,2,42,124.6,16:07,16.11
H110,1_Gun_Sabah_Dinlenme,63,E,32.2,129,89,88,0,27,0.6,Endiseli,5,1,40,113.5,10:45,10.76
H110,1_Gun_Sabah_Yuruyus,63,E,32.2,139,95,100,0,32,0.75,Agrili,8,2,44,139.0,11:11,11.19
H110,1_Gun_Aksam_Dinlenme,63,E,32.2,128,89,86,0,15,0.34,Endiseli,4,1,39,110.1,15:45,15.75
H110,1_Gun_Aksam_Yuruyus,63,E,32.2,136,93,96,0,31,0.83,Yorgun,6,1,43,130.6,16:12,16.2
H110,2_Gun_Sabah_Dinlenme,63,E,32.2,128,88,86,0,17,0.59,Gergin,4,1,40,110.1,10:32,10.54
H110,2_Gun_Sabah_Yuruyus,63,E,32.2,134,92,94,0,25,0.72,Endiseli,6,1,42,126.0,10:53,10.88
H110,2_Gun_Aksam_Dinlenme,63,E,32.2,126,87,84,0,10,0.48,Sakin,3,0,39,105.8,16:00,15.99
H110,2_Gun_Aksam_Yuruyus,63,E,32.2,135,93,95,0,36,0.82,Agrili,7,2,42,128.2,16:17,16.28
H110,3_Gun_Sabah_Dinlenme,63,E,32.2,125,87,83,0,12,0.1,Sakin,3,0,38,103.8,09:12,9.2
H110,3_Gun_Sabah_Yuruyus,63,E,32.2,126,88,84,0,11,0.25,Yorgun,3,0,38,105.8,09:41,9.68
H110,3_Gun_Aksam_Dinlenme,63,E,32.2,128,89,86,0,19,0.43,Yorgun,4,1,39,110.1,15:26,15.44
H110,3_Gun_Aksam_Yuruyus,63,E,32.2,134,92,94,0,23,0.62,Yorgun,5,1,42,126.0,15:52,15.86
